"Statistic","Year","County","Sex","UNIT","VALUE"
"Mean Weekly Earnings","2011","All counties (1)","Both sexes","Euro","676.12"
"Mean Weekly Earnings","2011","All counties (1)","Male","Euro","780.25"
"Mean Weekly Earnings","2011","All counties (1)","Female","Euro","580.39"
"Mean Weekly Earnings","2011","Carlow","Both sexes","Euro","591.24"
"Mean Weekly Earnings","2011","Carlow","Male","Euro","662.19"
"Mean Weekly Earnings","2011","Carlow","Female","Euro","524.99"
"Mean Weekly Earnings","2011","Dublin","Both sexes","Euro","755.18"
"Mean Weekly Earnings","2011","Dublin","Male","Euro","872.75"
"Mean Weekly Earnings","2011","Dublin","Female","Euro","641.89"
"Mean Weekly Earnings","2011","Kildare","Both sexes","Euro","718.49"
"Mean Weekly Earnings","2011","Kildare","Male","Euro","843.4"
"Mean Weekly Earnings","2011","Kildare","Female","Euro","594.86"
"Mean Weekly Earnings","2011","Kilkenny","Both sexes","Euro","633.92"
"Mean Weekly Earnings","2011","Kilkenny","Male","Euro","724.92"
"Mean Weekly Earnings","2011","Kilkenny","Female","Euro","559.9"
"Mean Weekly Earnings","2011","Laois","Both sexes","Euro","637.23"
"Mean Weekly Earnings","2011","Laois","Male","Euro","721.85"
"Mean Weekly Earnings","2011","Laois","Female","Euro","561.78"
"Mean Weekly Earnings","2011","Longford","Both sexes","Euro","585.67"
"Mean Weekly Earnings","2011","Longford","Male","Euro","642.4"
"Mean Weekly Earnings","2011","Longford","Female","Euro","535.91"
"Mean Weekly Earnings","2011","Louth","Both sexes","Euro","624.93"
"Mean Weekly Earnings","2011","Louth","Male","Euro","715.93"
"Mean Weekly Earnings","2011","Louth","Female","Euro","539.66"
"Mean Weekly Earnings","2011","Meath","Both sexes","Euro","698.19"
"Mean Weekly Earnings","2011","Meath","Male","Euro","825.48"
"Mean Weekly Earnings","2011","Meath","Female","Euro","579.92"
"Mean Weekly Earnings","2011","Offaly","Both sexes","Euro","612.52"
"Mean Weekly Earnings","2011","Offaly","Male","Euro","688.37"
"Mean Weekly Earnings","2011","Offaly","Female","Euro","540.19"
"Mean Weekly Earnings","2011","Westmeath","Both sexes","Euro","637.65"
"Mean Weekly Earnings","2011","Westmeath","Male","Euro","720"
"Mean Weekly Earnings","2011","Westmeath","Female","Euro","561.07"
"Mean Weekly Earnings","2011","Wexford","Both sexes","Euro","575.88"
"Mean Weekly Earnings","2011","Wexford","Male","Euro","657.49"
"Mean Weekly Earnings","2011","Wexford","Female","Euro","506.59"
"Mean Weekly Earnings","2011","Wicklow","Both sexes","Euro","704.84"
"Mean Weekly Earnings","2011","Wicklow","Male","Euro","842.3"
"Mean Weekly Earnings","2011","Wicklow","Female","Euro","580.18"
"Mean Weekly Earnings","2011","Clare","Both sexes","Euro","655.65"
"Mean Weekly Earnings","2011","Clare","Male","Euro","770.6"
"Mean Weekly Earnings","2011","Clare","Female","Euro","556.39"
"Mean Weekly Earnings","2011","Cork","Both sexes","Euro","670.4"
"Mean Weekly Earnings","2011","Cork","Male","Euro","785.31"
"Mean Weekly Earnings","2011","Cork","Female","Euro","563.03"
"Mean Weekly Earnings","2011","Kerry","Both sexes","Euro","580.43"
"Mean Weekly Earnings","2011","Kerry","Male","Euro","658.71"
"Mean Weekly Earnings","2011","Kerry","Female","Euro","514.34"
"Mean Weekly Earnings","2011","Limerick","Both sexes","Euro","660.47"
"Mean Weekly Earnings","2011","Limerick","Male","Euro","761.87"
"Mean Weekly Earnings","2011","Limerick","Female","Euro","564.65"
"Mean Weekly Earnings","2011","Tipperary","Both sexes","Euro","619.67"
"Mean Weekly Earnings","2011","Tipperary","Male","Euro","711.43"
"Mean Weekly Earnings","2011","Tipperary","Female","Euro","539.15"
"Mean Weekly Earnings","2011","Waterford","Both sexes","Euro","628.29"
"Mean Weekly Earnings","2011","Waterford","Male","Euro","730.76"
"Mean Weekly Earnings","2011","Waterford","Female","Euro","536.87"
"Mean Weekly Earnings","2011","Galway","Both sexes","Euro","642.59"
"Mean Weekly Earnings","2011","Galway","Male","Euro","717.03"
"Mean Weekly Earnings","2011","Galway","Female","Euro","579.45"
"Mean Weekly Earnings","2011","Leitrim","Both sexes","Euro","590.86"
"Mean Weekly Earnings","2011","Leitrim","Male","Euro","647.8"
"Mean Weekly Earnings","2011","Leitrim","Female","Euro","546.69"
"Mean Weekly Earnings","2011","Mayo","Both sexes","Euro","584.4"
"Mean Weekly Earnings","2011","Mayo","Male","Euro","650.67"
"Mean Weekly Earnings","2011","Mayo","Female","Euro","529.18"
"Mean Weekly Earnings","2011","Roscommon","Both sexes","Euro","615.77"
"Mean Weekly Earnings","2011","Roscommon","Male","Euro","685.51"
"Mean Weekly Earnings","2011","Roscommon","Female","Euro","556.87"
"Mean Weekly Earnings","2011","Sligo","Both sexes","Euro","622.22"
"Mean Weekly Earnings","2011","Sligo","Male","Euro","688.47"
"Mean Weekly Earnings","2011","Sligo","Female","Euro","568.41"
"Mean Weekly Earnings","2011","Cavan","Both sexes","Euro","590.03"
"Mean Weekly Earnings","2011","Cavan","Male","Euro","660.78"
"Mean Weekly Earnings","2011","Cavan","Female","Euro","528.36"
"Mean Weekly Earnings","2011","Donegal","Both sexes","Euro","530.84"
"Mean Weekly Earnings","2011","Donegal","Male","Euro","582.41"
"Mean Weekly Earnings","2011","Donegal","Female","Euro","487.67"
"Mean Weekly Earnings","2011","Monaghan","Both sexes","Euro","553.45"
"Mean Weekly Earnings","2011","Monaghan","Male","Euro","596.25"
"Mean Weekly Earnings","2011","Monaghan","Female","Euro","514.9"
"Mean Weekly Earnings","2012","All counties (1)","Both sexes","Euro","676.78"
"Mean Weekly Earnings","2012","All counties (1)","Male","Euro","778.42"
"Mean Weekly Earnings","2012","All counties (1)","Female","Euro","583.48"
"Mean Weekly Earnings","2012","Carlow","Both sexes","Euro","588.69"
"Mean Weekly Earnings","2012","Carlow","Male","Euro","654.91"
"Mean Weekly Earnings","2012","Carlow","Female","Euro","525.75"
"Mean Weekly Earnings","2012","Dublin","Both sexes","Euro","757.22"
"Mean Weekly Earnings","2012","Dublin","Male","Euro","871.35"
"Mean Weekly Earnings","2012","Dublin","Female","Euro","647"
"Mean Weekly Earnings","2012","Kildare","Both sexes","Euro","714.52"
"Mean Weekly Earnings","2012","Kildare","Male","Euro","833.12"
"Mean Weekly Earnings","2012","Kildare","Female","Euro","597.55"
"Mean Weekly Earnings","2012","Kilkenny","Both sexes","Euro","636.35"
"Mean Weekly Earnings","2012","Kilkenny","Male","Euro","726.45"
"Mean Weekly Earnings","2012","Kilkenny","Female","Euro","562.12"
"Mean Weekly Earnings","2012","Laois","Both sexes","Euro","637.31"
"Mean Weekly Earnings","2012","Laois","Male","Euro","723.77"
"Mean Weekly Earnings","2012","Laois","Female","Euro","560.6"
"Mean Weekly Earnings","2012","Longford","Both sexes","Euro","582.89"
"Mean Weekly Earnings","2012","Longford","Male","Euro","634.41"
"Mean Weekly Earnings","2012","Longford","Female","Euro","536.24"
"Mean Weekly Earnings","2012","Louth","Both sexes","Euro","634.19"
"Mean Weekly Earnings","2012","Louth","Male","Euro","717.44"
"Mean Weekly Earnings","2012","Louth","Female","Euro","556.58"
"Mean Weekly Earnings","2012","Meath","Both sexes","Euro","698.7"
"Mean Weekly Earnings","2012","Meath","Male","Euro","820.27"
"Mean Weekly Earnings","2012","Meath","Female","Euro","585.74"
"Mean Weekly Earnings","2012","Offaly","Both sexes","Euro","609.04"
"Mean Weekly Earnings","2012","Offaly","Male","Euro","682.55"
"Mean Weekly Earnings","2012","Offaly","Female","Euro","539.91"
"Mean Weekly Earnings","2012","Westmeath","Both sexes","Euro","632.49"
"Mean Weekly Earnings","2012","Westmeath","Male","Euro","711.52"
"Mean Weekly Earnings","2012","Westmeath","Female","Euro","560.84"
"Mean Weekly Earnings","2012","Wexford","Both sexes","Euro","578.72"
"Mean Weekly Earnings","2012","Wexford","Male","Euro","658.77"
"Mean Weekly Earnings","2012","Wexford","Female","Euro","510.33"
"Mean Weekly Earnings","2012","Wicklow","Both sexes","Euro","700.96"
"Mean Weekly Earnings","2012","Wicklow","Male","Euro","834.05"
"Mean Weekly Earnings","2012","Wicklow","Female","Euro","581.56"
"Mean Weekly Earnings","2012","Clare","Both sexes","Euro","653.58"
"Mean Weekly Earnings","2012","Clare","Male","Euro","763.04"
"Mean Weekly Earnings","2012","Clare","Female","Euro","558.8"
"Mean Weekly Earnings","2012","Cork","Both sexes","Euro","675.03"
"Mean Weekly Earnings","2012","Cork","Male","Euro","791.16"
"Mean Weekly Earnings","2012","Cork","Female","Euro","567"
"Mean Weekly Earnings","2012","Kerry","Both sexes","Euro","581.06"
"Mean Weekly Earnings","2012","Kerry","Male","Euro","658.99"
"Mean Weekly Earnings","2012","Kerry","Female","Euro","515.52"
"Mean Weekly Earnings","2012","Limerick","Both sexes","Euro","658.68"
"Mean Weekly Earnings","2012","Limerick","Male","Euro","761.81"
"Mean Weekly Earnings","2012","Limerick","Female","Euro","561.48"
"Mean Weekly Earnings","2012","Tipperary","Both sexes","Euro","615.44"
"Mean Weekly Earnings","2012","Tipperary","Male","Euro","702.78"
"Mean Weekly Earnings","2012","Tipperary","Female","Euro","539.02"
"Mean Weekly Earnings","2012","Waterford","Both sexes","Euro","626.93"
"Mean Weekly Earnings","2012","Waterford","Male","Euro","729.5"
"Mean Weekly Earnings","2012","Waterford","Female","Euro","534.94"
"Mean Weekly Earnings","2012","Galway","Both sexes","Euro","639.55"
"Mean Weekly Earnings","2012","Galway","Male","Euro","713.8"
"Mean Weekly Earnings","2012","Galway","Female","Euro","576.62"
"Mean Weekly Earnings","2012","Leitrim","Both sexes","Euro","592.15"
"Mean Weekly Earnings","2012","Leitrim","Male","Euro","646.91"
"Mean Weekly Earnings","2012","Leitrim","Female","Euro","549.22"
"Mean Weekly Earnings","2012","Mayo","Both sexes","Euro","583.48"
"Mean Weekly Earnings","2012","Mayo","Male","Euro","648.06"
"Mean Weekly Earnings","2012","Mayo","Female","Euro","529.58"
"Mean Weekly Earnings","2012","Roscommon","Both sexes","Euro","609.68"
"Mean Weekly Earnings","2012","Roscommon","Male","Euro","677.9"
"Mean Weekly Earnings","2012","Roscommon","Female","Euro","553.31"
"Mean Weekly Earnings","2012","Sligo","Both sexes","Euro","632.55"
"Mean Weekly Earnings","2012","Sligo","Male","Euro","698.89"
"Mean Weekly Earnings","2012","Sligo","Female","Euro","577.91"
"Mean Weekly Earnings","2012","Cavan","Both sexes","Euro","589.82"
"Mean Weekly Earnings","2012","Cavan","Male","Euro","657.17"
"Mean Weekly Earnings","2012","Cavan","Female","Euro","530.95"
"Mean Weekly Earnings","2012","Donegal","Both sexes","Euro","533.2"
"Mean Weekly Earnings","2012","Donegal","Male","Euro","578.9"
"Mean Weekly Earnings","2012","Donegal","Female","Euro","494.94"
"Mean Weekly Earnings","2012","Monaghan","Both sexes","Euro","556.23"
"Mean Weekly Earnings","2012","Monaghan","Male","Euro","594.97"
"Mean Weekly Earnings","2012","Monaghan","Female","Euro","521.9"
"Mean Weekly Earnings","2013","All counties (1)","Both sexes","Euro","677.17"
"Mean Weekly Earnings","2013","All counties (1)","Male","Euro","775.65"
"Mean Weekly Earnings","2013","All counties (1)","Female","Euro","585.05"
"Mean Weekly Earnings","2013","Carlow","Both sexes","Euro","595.05"
"Mean Weekly Earnings","2013","Carlow","Male","Euro","661.61"
"Mean Weekly Earnings","2013","Carlow","Female","Euro","530.42"
"Mean Weekly Earnings","2013","Dublin","Both sexes","Euro","758.64"
"Mean Weekly Earnings","2013","Dublin","Male","Euro","870.28"
"Mean Weekly Earnings","2013","Dublin","Female","Euro","649.19"
"Mean Weekly Earnings","2013","Kildare","Both sexes","Euro","718.95"
"Mean Weekly Earnings","2013","Kildare","Male","Euro","836.12"
"Mean Weekly Earnings","2013","Kildare","Female","Euro","601.7"
"Mean Weekly Earnings","2013","Kilkenny","Both sexes","Euro","632.08"
"Mean Weekly Earnings","2013","Kilkenny","Male","Euro","715.7"
"Mean Weekly Earnings","2013","Kilkenny","Female","Euro","562.96"
"Mean Weekly Earnings","2013","Laois","Both sexes","Euro","634.12"
"Mean Weekly Earnings","2013","Laois","Male","Euro","714.74"
"Mean Weekly Earnings","2013","Laois","Female","Euro","562.2"
"Mean Weekly Earnings","2013","Longford","Both sexes","Euro","592.3"
"Mean Weekly Earnings","2013","Longford","Male","Euro","643.97"
"Mean Weekly Earnings","2013","Longford","Female","Euro","544.46"
"Mean Weekly Earnings","2013","Louth","Both sexes","Euro","622.92"
"Mean Weekly Earnings","2013","Louth","Male","Euro","703.93"
"Mean Weekly Earnings","2013","Louth","Female","Euro","544.29"
"Mean Weekly Earnings","2013","Meath","Both sexes","Euro","701.63"
"Mean Weekly Earnings","2013","Meath","Male","Euro","819.97"
"Mean Weekly Earnings","2013","Meath","Female","Euro","589.23"
"Mean Weekly Earnings","2013","Offaly","Both sexes","Euro","613.62"
"Mean Weekly Earnings","2013","Offaly","Male","Euro","687.92"
"Mean Weekly Earnings","2013","Offaly","Female","Euro","541.2"
"Mean Weekly Earnings","2013","Westmeath","Both sexes","Euro","634.09"
"Mean Weekly Earnings","2013","Westmeath","Male","Euro","708.77"
"Mean Weekly Earnings","2013","Westmeath","Female","Euro","563.87"
"Mean Weekly Earnings","2013","Wexford","Both sexes","Euro","574.35"
"Mean Weekly Earnings","2013","Wexford","Male","Euro","644.96"
"Mean Weekly Earnings","2013","Wexford","Female","Euro","512.1"
"Mean Weekly Earnings","2013","Wicklow","Both sexes","Euro","699.57"
"Mean Weekly Earnings","2013","Wicklow","Male","Euro","831.95"
"Mean Weekly Earnings","2013","Wicklow","Female","Euro","579.03"
"Mean Weekly Earnings","2013","Clare","Both sexes","Euro","652.91"
"Mean Weekly Earnings","2013","Clare","Male","Euro","758.7"
"Mean Weekly Earnings","2013","Clare","Female","Euro","561.29"
"Mean Weekly Earnings","2013","Cork","Both sexes","Euro","674.34"
"Mean Weekly Earnings","2013","Cork","Male","Euro","786.29"
"Mean Weekly Earnings","2013","Cork","Female","Euro","567.53"
"Mean Weekly Earnings","2013","Kerry","Both sexes","Euro","580.89"
"Mean Weekly Earnings","2013","Kerry","Male","Euro","654.12"
"Mean Weekly Earnings","2013","Kerry","Female","Euro","518.44"
"Mean Weekly Earnings","2013","Limerick","Both sexes","Euro","652.07"
"Mean Weekly Earnings","2013","Limerick","Male","Euro","748.98"
"Mean Weekly Earnings","2013","Limerick","Female","Euro","560.56"
"Mean Weekly Earnings","2013","Tipperary","Both sexes","Euro","615.55"
"Mean Weekly Earnings","2013","Tipperary","Male","Euro","697.92"
"Mean Weekly Earnings","2013","Tipperary","Female","Euro","541.45"
"Mean Weekly Earnings","2013","Waterford","Both sexes","Euro","629.21"
"Mean Weekly Earnings","2013","Waterford","Male","Euro","727.14"
"Mean Weekly Earnings","2013","Waterford","Female","Euro","540.49"
"Mean Weekly Earnings","2013","Galway","Both sexes","Euro","644.99"
"Mean Weekly Earnings","2013","Galway","Male","Euro","719.75"
"Mean Weekly Earnings","2013","Galway","Female","Euro","579.93"
"Mean Weekly Earnings","2013","Leitrim","Both sexes","Euro","593.2"
"Mean Weekly Earnings","2013","Leitrim","Male","Euro","647.5"
"Mean Weekly Earnings","2013","Leitrim","Female","Euro","550.6"
"Mean Weekly Earnings","2013","Mayo","Both sexes","Euro","587.99"
"Mean Weekly Earnings","2013","Mayo","Male","Euro","651.06"
"Mean Weekly Earnings","2013","Mayo","Female","Euro","533.69"
"Mean Weekly Earnings","2013","Roscommon","Both sexes","Euro","611.49"
"Mean Weekly Earnings","2013","Roscommon","Male","Euro","677.29"
"Mean Weekly Earnings","2013","Roscommon","Female","Euro","555.99"
"Mean Weekly Earnings","2013","Sligo","Both sexes","Euro","623.4"
"Mean Weekly Earnings","2013","Sligo","Male","Euro","686.17"
"Mean Weekly Earnings","2013","Sligo","Female","Euro","570.37"
"Mean Weekly Earnings","2013","Cavan","Both sexes","Euro","590.4"
"Mean Weekly Earnings","2013","Cavan","Male","Euro","656.15"
"Mean Weekly Earnings","2013","Cavan","Female","Euro","531.38"
"Mean Weekly Earnings","2013","Donegal","Both sexes","Euro","530.03"
"Mean Weekly Earnings","2013","Donegal","Male","Euro","572.38"
"Mean Weekly Earnings","2013","Donegal","Female","Euro","493.55"
"Mean Weekly Earnings","2013","Monaghan","Both sexes","Euro","552.29"
"Mean Weekly Earnings","2013","Monaghan","Male","Euro","590.14"
"Mean Weekly Earnings","2013","Monaghan","Female","Euro","517.23"
"Mean Weekly Earnings","2014","All counties (1)","Both sexes","Euro","678.69"
"Mean Weekly Earnings","2014","All counties (1)","Male","Euro","776.79"
"Mean Weekly Earnings","2014","All counties (1)","Female","Euro","585.08"
"Mean Weekly Earnings","2014","Carlow","Both sexes","Euro","593.9"
"Mean Weekly Earnings","2014","Carlow","Male","Euro","662.25"
"Mean Weekly Earnings","2014","Carlow","Female","Euro","525.79"
"Mean Weekly Earnings","2014","Dublin","Both sexes","Euro","761.79"
"Mean Weekly Earnings","2014","Dublin","Male","Euro","872.55"
"Mean Weekly Earnings","2014","Dublin","Female","Euro","651.16"
"Mean Weekly Earnings","2014","Kildare","Both sexes","Euro","717.31"
"Mean Weekly Earnings","2014","Kildare","Male","Euro","831.65"
"Mean Weekly Earnings","2014","Kildare","Female","Euro","600.01"
"Mean Weekly Earnings","2014","Kilkenny","Both sexes","Euro","633.37"
"Mean Weekly Earnings","2014","Kilkenny","Male","Euro","717.98"
"Mean Weekly Earnings","2014","Kilkenny","Female","Euro","561.23"
"Mean Weekly Earnings","2014","Laois","Both sexes","Euro","637.09"
"Mean Weekly Earnings","2014","Laois","Male","Euro","718.55"
"Mean Weekly Earnings","2014","Laois","Female","Euro","560.58"
"Mean Weekly Earnings","2014","Longford","Both sexes","Euro","587.72"
"Mean Weekly Earnings","2014","Longford","Male","Euro","639.76"
"Mean Weekly Earnings","2014","Longford","Female","Euro","538.78"
"Mean Weekly Earnings","2014","Louth","Both sexes","Euro","623.02"
"Mean Weekly Earnings","2014","Louth","Male","Euro","704"
"Mean Weekly Earnings","2014","Louth","Female","Euro","543.52"
"Mean Weekly Earnings","2014","Meath","Both sexes","Euro","697.34"
"Mean Weekly Earnings","2014","Meath","Male","Euro","812.57"
"Mean Weekly Earnings","2014","Meath","Female","Euro","585.19"
"Mean Weekly Earnings","2014","Offaly","Both sexes","Euro","609.05"
"Mean Weekly Earnings","2014","Offaly","Male","Euro","678.16"
"Mean Weekly Earnings","2014","Offaly","Female","Euro","539.83"
"Mean Weekly Earnings","2014","Westmeath","Both sexes","Euro","634.38"
"Mean Weekly Earnings","2014","Westmeath","Male","Euro","706.9"
"Mean Weekly Earnings","2014","Westmeath","Female","Euro","563.9"
"Mean Weekly Earnings","2014","Wexford","Both sexes","Euro","570.62"
"Mean Weekly Earnings","2014","Wexford","Male","Euro","639.14"
"Mean Weekly Earnings","2014","Wexford","Female","Euro","507.64"
"Mean Weekly Earnings","2014","Wicklow","Both sexes","Euro","698.29"
"Mean Weekly Earnings","2014","Wicklow","Male","Euro","826.61"
"Mean Weekly Earnings","2014","Wicklow","Female","Euro","579.29"
"Mean Weekly Earnings","2014","Clare","Both sexes","Euro","655.19"
"Mean Weekly Earnings","2014","Clare","Male","Euro","760.89"
"Mean Weekly Earnings","2014","Clare","Female","Euro","562.52"
"Mean Weekly Earnings","2014","Cork","Both sexes","Euro","676.26"
"Mean Weekly Earnings","2014","Cork","Male","Euro","789.74"
"Mean Weekly Earnings","2014","Cork","Female","Euro","566.87"
"Mean Weekly Earnings","2014","Kerry","Both sexes","Euro","584.1"
"Mean Weekly Earnings","2014","Kerry","Male","Euro","660.26"
"Mean Weekly Earnings","2014","Kerry","Female","Euro","517.05"
"Mean Weekly Earnings","2014","Limerick","Both sexes","Euro","660.47"
"Mean Weekly Earnings","2014","Limerick","Male","Euro","758.53"
"Mean Weekly Earnings","2014","Limerick","Female","Euro","564.85"
"Mean Weekly Earnings","2014","Tipperary","Both sexes","Euro","617.91"
"Mean Weekly Earnings","2014","Tipperary","Male","Euro","700.88"
"Mean Weekly Earnings","2014","Tipperary","Female","Euro","542.24"
"Mean Weekly Earnings","2014","Waterford","Both sexes","Euro","625.29"
"Mean Weekly Earnings","2014","Waterford","Male","Euro","722.47"
"Mean Weekly Earnings","2014","Waterford","Female","Euro","534.8"
"Mean Weekly Earnings","2014","Galway","Both sexes","Euro","653.64"
"Mean Weekly Earnings","2014","Galway","Male","Euro","730.71"
"Mean Weekly Earnings","2014","Galway","Female","Euro","585.62"
"Mean Weekly Earnings","2014","Leitrim","Both sexes","Euro","590.04"
"Mean Weekly Earnings","2014","Leitrim","Male","Euro","641.4"
"Mean Weekly Earnings","2014","Leitrim","Female","Euro","547.93"
"Mean Weekly Earnings","2014","Mayo","Both sexes","Euro","589.08"
"Mean Weekly Earnings","2014","Mayo","Male","Euro","653.77"
"Mean Weekly Earnings","2014","Mayo","Female","Euro","531.63"
"Mean Weekly Earnings","2014","Roscommon","Both sexes","Euro","612.97"
"Mean Weekly Earnings","2014","Roscommon","Male","Euro","676.87"
"Mean Weekly Earnings","2014","Roscommon","Female","Euro","557.62"
"Mean Weekly Earnings","2014","Sligo","Both sexes","Euro","624.28"
"Mean Weekly Earnings","2014","Sligo","Male","Euro","691.69"
"Mean Weekly Earnings","2014","Sligo","Female","Euro","567.6"
"Mean Weekly Earnings","2014","Cavan","Both sexes","Euro","591.72"
"Mean Weekly Earnings","2014","Cavan","Male","Euro","657.2"
"Mean Weekly Earnings","2014","Cavan","Female","Euro","530.42"
"Mean Weekly Earnings","2014","Donegal","Both sexes","Euro","529.1"
"Mean Weekly Earnings","2014","Donegal","Male","Euro","572.49"
"Mean Weekly Earnings","2014","Donegal","Female","Euro","491.08"
"Mean Weekly Earnings","2014","Monaghan","Both sexes","Euro","550.75"
"Mean Weekly Earnings","2014","Monaghan","Male","Euro","589.51"
"Mean Weekly Earnings","2014","Monaghan","Female","Euro","513.72"
"Mean Weekly Earnings","2015","All counties (1)","Both sexes","Euro","686.71"
"Mean Weekly Earnings","2015","All counties (1)","Male","Euro","784.98"
"Mean Weekly Earnings","2015","All counties (1)","Female","Euro","591.78"
"Mean Weekly Earnings","2015","Carlow","Both sexes","Euro","598.81"
"Mean Weekly Earnings","2015","Carlow","Male","Euro","665.98"
"Mean Weekly Earnings","2015","Carlow","Female","Euro","531.67"
"Mean Weekly Earnings","2015","Dublin","Both sexes","Euro","773.55"
"Mean Weekly Earnings","2015","Dublin","Male","Euro","885.46"
"Mean Weekly Earnings","2015","Dublin","Female","Euro","660.16"
"Mean Weekly Earnings","2015","Kildare","Both sexes","Euro","731.82"
"Mean Weekly Earnings","2015","Kildare","Male","Euro","847.51"
"Mean Weekly Earnings","2015","Kildare","Female","Euro","611.59"
"Mean Weekly Earnings","2015","Kilkenny","Both sexes","Euro","637.52"
"Mean Weekly Earnings","2015","Kilkenny","Male","Euro","716.33"
"Mean Weekly Earnings","2015","Kilkenny","Female","Euro","569.21"
"Mean Weekly Earnings","2015","Laois","Both sexes","Euro","643.26"
"Mean Weekly Earnings","2015","Laois","Male","Euro","722.08"
"Mean Weekly Earnings","2015","Laois","Female","Euro","568.38"
"Mean Weekly Earnings","2015","Longford","Both sexes","Euro","596.04"
"Mean Weekly Earnings","2015","Longford","Male","Euro","650.14"
"Mean Weekly Earnings","2015","Longford","Female","Euro","544.37"
"Mean Weekly Earnings","2015","Louth","Both sexes","Euro","629.74"
"Mean Weekly Earnings","2015","Louth","Male","Euro","709.6"
"Mean Weekly Earnings","2015","Louth","Female","Euro","550.1"
"Mean Weekly Earnings","2015","Meath","Both sexes","Euro","708.84"
"Mean Weekly Earnings","2015","Meath","Male","Euro","824.09"
"Mean Weekly Earnings","2015","Meath","Female","Euro","594.77"
"Mean Weekly Earnings","2015","Offaly","Both sexes","Euro","614.42"
"Mean Weekly Earnings","2015","Offaly","Male","Euro","682.37"
"Mean Weekly Earnings","2015","Offaly","Female","Euro","544.87"
"Mean Weekly Earnings","2015","Westmeath","Both sexes","Euro","641.88"
"Mean Weekly Earnings","2015","Westmeath","Male","Euro","716.11"
"Mean Weekly Earnings","2015","Westmeath","Female","Euro","568.98"
"Mean Weekly Earnings","2015","Wexford","Both sexes","Euro","575.83"
"Mean Weekly Earnings","2015","Wexford","Male","Euro","644.74"
"Mean Weekly Earnings","2015","Wexford","Female","Euro","511.95"
"Mean Weekly Earnings","2015","Wicklow","Both sexes","Euro","708.93"
"Mean Weekly Earnings","2015","Wicklow","Male","Euro","835.2"
"Mean Weekly Earnings","2015","Wicklow","Female","Euro","590.82"
"Mean Weekly Earnings","2015","Clare","Both sexes","Euro","662.1"
"Mean Weekly Earnings","2015","Clare","Male","Euro","766.87"
"Mean Weekly Earnings","2015","Clare","Female","Euro","569.03"
"Mean Weekly Earnings","2015","Cork","Both sexes","Euro","685.2"
"Mean Weekly Earnings","2015","Cork","Male","Euro","798.46"
"Mean Weekly Earnings","2015","Cork","Female","Euro","574.64"
"Mean Weekly Earnings","2015","Kerry","Both sexes","Euro","584.44"
"Mean Weekly Earnings","2015","Kerry","Male","Euro","662.28"
"Mean Weekly Earnings","2015","Kerry","Female","Euro","516.12"
"Mean Weekly Earnings","2015","Limerick","Both sexes","Euro","664.81"
"Mean Weekly Earnings","2015","Limerick","Male","Euro","760.46"
"Mean Weekly Earnings","2015","Limerick","Female","Euro","569.32"
"Mean Weekly Earnings","2015","Tipperary","Both sexes","Euro","623.28"
"Mean Weekly Earnings","2015","Tipperary","Male","Euro","704.4"
"Mean Weekly Earnings","2015","Tipperary","Female","Euro","548.29"
"Mean Weekly Earnings","2015","Waterford","Both sexes","Euro","626.4"
"Mean Weekly Earnings","2015","Waterford","Male","Euro","720.82"
"Mean Weekly Earnings","2015","Waterford","Female","Euro","536.75"
"Mean Weekly Earnings","2015","Galway","Both sexes","Euro","654.24"
"Mean Weekly Earnings","2015","Galway","Male","Euro","733.33"
"Mean Weekly Earnings","2015","Galway","Female","Euro","583.83"
"Mean Weekly Earnings","2015","Leitrim","Both sexes","Euro","593.79"
"Mean Weekly Earnings","2015","Leitrim","Male","Euro","646.11"
"Mean Weekly Earnings","2015","Leitrim","Female","Euro","550.74"
"Mean Weekly Earnings","2015","Mayo","Both sexes","Euro","594.77"
"Mean Weekly Earnings","2015","Mayo","Male","Euro","659.72"
"Mean Weekly Earnings","2015","Mayo","Female","Euro","538.08"
"Mean Weekly Earnings","2015","Roscommon","Both sexes","Euro","615.94"
"Mean Weekly Earnings","2015","Roscommon","Male","Euro","675.79"
"Mean Weekly Earnings","2015","Roscommon","Female","Euro","563.02"
"Mean Weekly Earnings","2015","Sligo","Both sexes","Euro","624.91"
"Mean Weekly Earnings","2015","Sligo","Male","Euro","687.26"
"Mean Weekly Earnings","2015","Sligo","Female","Euro","572.23"
"Mean Weekly Earnings","2015","Cavan","Both sexes","Euro","597.69"
"Mean Weekly Earnings","2015","Cavan","Male","Euro","662.71"
"Mean Weekly Earnings","2015","Cavan","Female","Euro","535.12"
"Mean Weekly Earnings","2015","Donegal","Both sexes","Euro","530.86"
"Mean Weekly Earnings","2015","Donegal","Male","Euro","576.24"
"Mean Weekly Earnings","2015","Donegal","Female","Euro","490.79"
"Mean Weekly Earnings","2015","Monaghan","Both sexes","Euro","555.24"
"Mean Weekly Earnings","2015","Monaghan","Male","Euro","595.2"
"Mean Weekly Earnings","2015","Monaghan","Female","Euro","516.9"
"Mean Weekly Earnings","2016","All counties (1)","Both sexes","Euro","697.64"
"Mean Weekly Earnings","2016","All counties (1)","Male","Euro","796.57"
"Mean Weekly Earnings","2016","All counties (1)","Female","Euro","600.32"
"Mean Weekly Earnings","2016","Carlow","Both sexes","Euro","600.14"
"Mean Weekly Earnings","2016","Carlow","Male","Euro","671.43"
"Mean Weekly Earnings","2016","Carlow","Female","Euro","525.42"
"Mean Weekly Earnings","2016","Dublin","Both sexes","Euro","794.51"
"Mean Weekly Earnings","2016","Dublin","Male","Euro","904.73"
"Mean Weekly Earnings","2016","Dublin","Female","Euro","682.62"
"Mean Weekly Earnings","2016","Kildare","Both sexes","Euro","746.77"
"Mean Weekly Earnings","2016","Kildare","Male","Euro","867.03"
"Mean Weekly Earnings","2016","Kildare","Female","Euro","621.09"
"Mean Weekly Earnings","2016","Kilkenny","Both sexes","Euro","639.27"
"Mean Weekly Earnings","2016","Kilkenny","Male","Euro","721.47"
"Mean Weekly Earnings","2016","Kilkenny","Female","Euro","564.92"
"Mean Weekly Earnings","2016","Laois","Both sexes","Euro","643.75"
"Mean Weekly Earnings","2016","Laois","Male","Euro","725.26"
"Mean Weekly Earnings","2016","Laois","Female","Euro","564"
"Mean Weekly Earnings","2016","Longford","Both sexes","Euro","589.08"
"Mean Weekly Earnings","2016","Longford","Male","Euro","641.59"
"Mean Weekly Earnings","2016","Longford","Female","Euro","535.25"
"Mean Weekly Earnings","2016","Louth","Both sexes","Euro","632.81"
"Mean Weekly Earnings","2016","Louth","Male","Euro","712.79"
"Mean Weekly Earnings","2016","Louth","Female","Euro","550.49"
"Mean Weekly Earnings","2016","Meath","Both sexes","Euro","720.03"
"Mean Weekly Earnings","2016","Meath","Male","Euro","836.49"
"Mean Weekly Earnings","2016","Meath","Female","Euro","601.1"
"Mean Weekly Earnings","2016","Offaly","Both sexes","Euro","613.11"
"Mean Weekly Earnings","2016","Offaly","Male","Euro","680.94"
"Mean Weekly Earnings","2016","Offaly","Female","Euro","542.86"
"Mean Weekly Earnings","2016","Westmeath","Both sexes","Euro","647.04"
"Mean Weekly Earnings","2016","Westmeath","Male","Euro","725.63"
"Mean Weekly Earnings","2016","Westmeath","Female","Euro","566.74"
"Mean Weekly Earnings","2016","Wexford","Both sexes","Euro","580.87"
"Mean Weekly Earnings","2016","Wexford","Male","Euro","654.97"
"Mean Weekly Earnings","2016","Wexford","Female","Euro","510.03"
"Mean Weekly Earnings","2016","Wicklow","Both sexes","Euro","724.05"
"Mean Weekly Earnings","2016","Wicklow","Male","Euro","853.66"
"Mean Weekly Earnings","2016","Wicklow","Female","Euro","599.24"
"Mean Weekly Earnings","2016","Clare","Both sexes","Euro","663.5"
"Mean Weekly Earnings","2016","Clare","Male","Euro","769.62"
"Mean Weekly Earnings","2016","Clare","Female","Euro","566.33"
"Mean Weekly Earnings","2016","Cork","Both sexes","Euro","693.98"
"Mean Weekly Earnings","2016","Cork","Male","Euro","809.23"
"Mean Weekly Earnings","2016","Cork","Female","Euro","579.77"
"Mean Weekly Earnings","2016","Kerry","Both sexes","Euro","576.35"
"Mean Weekly Earnings","2016","Kerry","Male","Euro","655.14"
"Mean Weekly Earnings","2016","Kerry","Female","Euro","504.79"
"Mean Weekly Earnings","2016","Limerick","Both sexes","Euro","668.51"
"Mean Weekly Earnings","2016","Limerick","Male","Euro","766.23"
"Mean Weekly Earnings","2016","Limerick","Female","Euro","569.27"
"Mean Weekly Earnings","2016","Tipperary","Both sexes","Euro","616.15"
"Mean Weekly Earnings","2016","Tipperary","Male","Euro","694.75"
"Mean Weekly Earnings","2016","Tipperary","Female","Euro","541.21"
"Mean Weekly Earnings","2016","Waterford","Both sexes","Euro","630.84"
"Mean Weekly Earnings","2016","Waterford","Male","Euro","726.7"
"Mean Weekly Earnings","2016","Waterford","Female","Euro","536.47"
"Mean Weekly Earnings","2016","Galway","Both sexes","Euro","660.71"
"Mean Weekly Earnings","2016","Galway","Male","Euro","740.45"
"Mean Weekly Earnings","2016","Galway","Female","Euro","587.1"
"Mean Weekly Earnings","2016","Leitrim","Both sexes","Euro","590.23"
"Mean Weekly Earnings","2016","Leitrim","Male","Euro","646.55"
"Mean Weekly Earnings","2016","Leitrim","Female","Euro","541.86"
"Mean Weekly Earnings","2016","Mayo","Both sexes","Euro","593.2"
"Mean Weekly Earnings","2016","Mayo","Male","Euro","661.27"
"Mean Weekly Earnings","2016","Mayo","Female","Euro","532.38"
"Mean Weekly Earnings","2016","Roscommon","Both sexes","Euro","618.2"
"Mean Weekly Earnings","2016","Roscommon","Male","Euro","680.39"
"Mean Weekly Earnings","2016","Roscommon","Female","Euro","560.89"
"Mean Weekly Earnings","2016","Sligo","Both sexes","Euro","623.11"
"Mean Weekly Earnings","2016","Sligo","Male","Euro","685.5"
"Mean Weekly Earnings","2016","Sligo","Female","Euro","568.97"
"Mean Weekly Earnings","2016","Cavan","Both sexes","Euro","597.18"
"Mean Weekly Earnings","2016","Cavan","Male","Euro","665.41"
"Mean Weekly Earnings","2016","Cavan","Female","Euro","528.22"
"Mean Weekly Earnings","2016","Donegal","Both sexes","Euro","529.04"
"Mean Weekly Earnings","2016","Donegal","Male","Euro","577.45"
"Mean Weekly Earnings","2016","Donegal","Female","Euro","485.63"
"Mean Weekly Earnings","2016","Monaghan","Both sexes","Euro","555.07"
"Mean Weekly Earnings","2016","Monaghan","Male","Euro","596.54"
"Mean Weekly Earnings","2016","Monaghan","Female","Euro","513.52"
"Mean Weekly Earnings","2017","All counties (1)","Both sexes","Euro","716.4"
"Mean Weekly Earnings","2017","All counties (1)","Male","Euro","817.74"
"Mean Weekly Earnings","2017","All counties (1)","Female","Euro","616.3"
"Mean Weekly Earnings","2017","Carlow","Both sexes","Euro","614.62"
"Mean Weekly Earnings","2017","Carlow","Male","Euro","688.91"
"Mean Weekly Earnings","2017","Carlow","Female","Euro","536.62"
"Mean Weekly Earnings","2017","Dublin","Both sexes","Euro","816.88"
"Mean Weekly Earnings","2017","Dublin","Male","Euro","931"
"Mean Weekly Earnings","2017","Dublin","Female","Euro","700.92"
"Mean Weekly Earnings","2017","Kildare","Both sexes","Euro","767.35"
"Mean Weekly Earnings","2017","Kildare","Male","Euro","889.39"
"Mean Weekly Earnings","2017","Kildare","Female","Euro","639.81"
"Mean Weekly Earnings","2017","Kilkenny","Both sexes","Euro","660.1"
"Mean Weekly Earnings","2017","Kilkenny","Male","Euro","743.8"
"Mean Weekly Earnings","2017","Kilkenny","Female","Euro","583.77"
"Mean Weekly Earnings","2017","Laois","Both sexes","Euro","662.4"
"Mean Weekly Earnings","2017","Laois","Male","Euro","744.36"
"Mean Weekly Earnings","2017","Laois","Female","Euro","581.95"
"Mean Weekly Earnings","2017","Longford","Both sexes","Euro","599.77"
"Mean Weekly Earnings","2017","Longford","Male","Euro","651.32"
"Mean Weekly Earnings","2017","Longford","Female","Euro","546.71"
"Mean Weekly Earnings","2017","Louth","Both sexes","Euro","649.4"
"Mean Weekly Earnings","2017","Louth","Male","Euro","733.25"
"Mean Weekly Earnings","2017","Louth","Female","Euro","562.44"
"Mean Weekly Earnings","2017","Meath","Both sexes","Euro","739.79"
"Mean Weekly Earnings","2017","Meath","Male","Euro","860.88"
"Mean Weekly Earnings","2017","Meath","Female","Euro","616.3"
"Mean Weekly Earnings","2017","Offaly","Both sexes","Euro","631.38"
"Mean Weekly Earnings","2017","Offaly","Male","Euro","700.12"
"Mean Weekly Earnings","2017","Offaly","Female","Euro","559.18"
"Mean Weekly Earnings","2017","Westmeath","Both sexes","Euro","658.98"
"Mean Weekly Earnings","2017","Westmeath","Male","Euro","739.69"
"Mean Weekly Earnings","2017","Westmeath","Female","Euro","577.02"
"Mean Weekly Earnings","2017","Wexford","Both sexes","Euro","597.22"
"Mean Weekly Earnings","2017","Wexford","Male","Euro","673.35"
"Mean Weekly Earnings","2017","Wexford","Female","Euro","523.97"
"Mean Weekly Earnings","2017","Wicklow","Both sexes","Euro","739.07"
"Mean Weekly Earnings","2017","Wicklow","Male","Euro","866.82"
"Mean Weekly Earnings","2017","Wicklow","Female","Euro","616.04"
"Mean Weekly Earnings","2017","Clare","Both sexes","Euro","681.98"
"Mean Weekly Earnings","2017","Clare","Male","Euro","790.24"
"Mean Weekly Earnings","2017","Clare","Female","Euro","581.34"
"Mean Weekly Earnings","2017","Cork","Both sexes","Euro","711.23"
"Mean Weekly Earnings","2017","Cork","Male","Euro","829.68"
"Mean Weekly Earnings","2017","Cork","Female","Euro","594.24"
"Mean Weekly Earnings","2017","Kerry","Both sexes","Euro","593.03"
"Mean Weekly Earnings","2017","Kerry","Male","Euro","672.09"
"Mean Weekly Earnings","2017","Kerry","Female","Euro","520.31"
"Mean Weekly Earnings","2017","Limerick","Both sexes","Euro","685.46"
"Mean Weekly Earnings","2017","Limerick","Male","Euro","785.79"
"Mean Weekly Earnings","2017","Limerick","Female","Euro","583.36"
"Mean Weekly Earnings","2017","Tipperary","Both sexes","Euro","635.7"
"Mean Weekly Earnings","2017","Tipperary","Male","Euro","719.33"
"Mean Weekly Earnings","2017","Tipperary","Female","Euro","556.62"
"Mean Weekly Earnings","2017","Waterford","Both sexes","Euro","650.52"
"Mean Weekly Earnings","2017","Waterford","Male","Euro","752.09"
"Mean Weekly Earnings","2017","Waterford","Female","Euro","551.07"
"Mean Weekly Earnings","2017","Galway","Both sexes","Euro","680.32"
"Mean Weekly Earnings","2017","Galway","Male","Euro","762.42"
"Mean Weekly Earnings","2017","Galway","Female","Euro","604.75"
"Mean Weekly Earnings","2017","Leitrim","Both sexes","Euro","606.8"
"Mean Weekly Earnings","2017","Leitrim","Male","Euro","663.54"
"Mean Weekly Earnings","2017","Leitrim","Female","Euro","557.23"
"Mean Weekly Earnings","2017","Mayo","Both sexes","Euro","604.82"
"Mean Weekly Earnings","2017","Mayo","Male","Euro","670.37"
"Mean Weekly Earnings","2017","Mayo","Female","Euro","546.42"
"Mean Weekly Earnings","2017","Roscommon","Both sexes","Euro","634.44"
"Mean Weekly Earnings","2017","Roscommon","Male","Euro","700.01"
"Mean Weekly Earnings","2017","Roscommon","Female","Euro","573.46"
"Mean Weekly Earnings","2017","Sligo","Both sexes","Euro","639.16"
"Mean Weekly Earnings","2017","Sligo","Male","Euro","702.82"
"Mean Weekly Earnings","2017","Sligo","Female","Euro","583.84"
"Mean Weekly Earnings","2017","Cavan","Both sexes","Euro","611.66"
"Mean Weekly Earnings","2017","Cavan","Male","Euro","681.81"
"Mean Weekly Earnings","2017","Cavan","Female","Euro","540.11"
"Mean Weekly Earnings","2017","Donegal","Both sexes","Euro","545.08"
"Mean Weekly Earnings","2017","Donegal","Male","Euro","592.55"
"Mean Weekly Earnings","2017","Donegal","Female","Euro","502.02"
"Mean Weekly Earnings","2017","Monaghan","Both sexes","Euro","568.89"
"Mean Weekly Earnings","2017","Monaghan","Male","Euro","615.35"
"Mean Weekly Earnings","2017","Monaghan","Female","Euro","521.81"
"Mean Weekly Earnings","2018","All counties (1)","Both sexes","Euro","740.72"
"Mean Weekly Earnings","2018","All counties (1)","Male","Euro","847.35"
"Mean Weekly Earnings","2018","All counties (1)","Female","Euro","635.12"
"Mean Weekly Earnings","2018","Carlow","Both sexes","Euro","633.16"
"Mean Weekly Earnings","2018","Carlow","Male","Euro","709.62"
"Mean Weekly Earnings","2018","Carlow","Female","Euro","552.22"
"Mean Weekly Earnings","2018","Dublin","Both sexes","Euro","847.41"
"Mean Weekly Earnings","2018","Dublin","Male","Euro","969.33"
"Mean Weekly Earnings","2018","Dublin","Female","Euro","723.17"
"Mean Weekly Earnings","2018","Kildare","Both sexes","Euro","792.87"
"Mean Weekly Earnings","2018","Kildare","Male","Euro","921.6"
"Mean Weekly Earnings","2018","Kildare","Female","Euro","659.2"
"Mean Weekly Earnings","2018","Kilkenny","Both sexes","Euro","683.36"
"Mean Weekly Earnings","2018","Kilkenny","Male","Euro","767.77"
"Mean Weekly Earnings","2018","Kilkenny","Female","Euro","606.64"
"Mean Weekly Earnings","2018","Laois","Both sexes","Euro","685.79"
"Mean Weekly Earnings","2018","Laois","Male","Euro","772.73"
"Mean Weekly Earnings","2018","Laois","Female","Euro","599.01"
"Mean Weekly Earnings","2018","Longford","Both sexes","Euro","614.8"
"Mean Weekly Earnings","2018","Longford","Male","Euro","667.21"
"Mean Weekly Earnings","2018","Longford","Female","Euro","559.78"
"Mean Weekly Earnings","2018","Louth","Both sexes","Euro","670.99"
"Mean Weekly Earnings","2018","Louth","Male","Euro","762.45"
"Mean Weekly Earnings","2018","Louth","Female","Euro","577.08"
"Mean Weekly Earnings","2018","Meath","Both sexes","Euro","761.37"
"Mean Weekly Earnings","2018","Meath","Male","Euro","887.47"
"Mean Weekly Earnings","2018","Meath","Female","Euro","634.54"
"Mean Weekly Earnings","2018","Offaly","Both sexes","Euro","650.04"
"Mean Weekly Earnings","2018","Offaly","Male","Euro","726.97"
"Mean Weekly Earnings","2018","Offaly","Female","Euro","570.17"
"Mean Weekly Earnings","2018","Westmeath","Both sexes","Euro","677.69"
"Mean Weekly Earnings","2018","Westmeath","Male","Euro","762.19"
"Mean Weekly Earnings","2018","Westmeath","Female","Euro","592.83"
"Mean Weekly Earnings","2018","Wexford","Both sexes","Euro","616.22"
"Mean Weekly Earnings","2018","Wexford","Male","Euro","696.18"
"Mean Weekly Earnings","2018","Wexford","Female","Euro","539.44"
"Mean Weekly Earnings","2018","Wicklow","Both sexes","Euro","764.18"
"Mean Weekly Earnings","2018","Wicklow","Male","Euro","899.25"
"Mean Weekly Earnings","2018","Wicklow","Female","Euro","634.11"
"Mean Weekly Earnings","2018","Clare","Both sexes","Euro","700.86"
"Mean Weekly Earnings","2018","Clare","Male","Euro","810.24"
"Mean Weekly Earnings","2018","Clare","Female","Euro","599.34"
"Mean Weekly Earnings","2018","Cork","Both sexes","Euro","740.27"
"Mean Weekly Earnings","2018","Cork","Male","Euro","865.64"
"Mean Weekly Earnings","2018","Cork","Female","Euro","615.37"
"Mean Weekly Earnings","2018","Kerry","Both sexes","Euro","609.33"
"Mean Weekly Earnings","2018","Kerry","Male","Euro","689.61"
"Mean Weekly Earnings","2018","Kerry","Female","Euro","535.34"
"Mean Weekly Earnings","2018","Limerick","Both sexes","Euro","707.82"
"Mean Weekly Earnings","2018","Limerick","Male","Euro","810.36"
"Mean Weekly Earnings","2018","Limerick","Female","Euro","602.86"
"Mean Weekly Earnings","2018","Tipperary","Both sexes","Euro","654.51"
"Mean Weekly Earnings","2018","Tipperary","Male","Euro","739.76"
"Mean Weekly Earnings","2018","Tipperary","Female","Euro","573.78"
"Mean Weekly Earnings","2018","Waterford","Both sexes","Euro","661.99"
"Mean Weekly Earnings","2018","Waterford","Male","Euro","761.12"
"Mean Weekly Earnings","2018","Waterford","Female","Euro","564.9"
"Mean Weekly Earnings","2018","Galway","Both sexes","Euro","701.69"
"Mean Weekly Earnings","2018","Galway","Male","Euro","785.81"
"Mean Weekly Earnings","2018","Galway","Female","Euro","623.31"
"Mean Weekly Earnings","2018","Leitrim","Both sexes","Euro","625.19"
"Mean Weekly Earnings","2018","Leitrim","Male","Euro","681.81"
"Mean Weekly Earnings","2018","Leitrim","Female","Euro","574.92"
"Mean Weekly Earnings","2018","Mayo","Both sexes","Euro","628.71"
"Mean Weekly Earnings","2018","Mayo","Male","Euro","700.74"
"Mean Weekly Earnings","2018","Mayo","Female","Euro","563.67"
"Mean Weekly Earnings","2018","Roscommon","Both sexes","Euro","653.67"
"Mean Weekly Earnings","2018","Roscommon","Male","Euro","722.62"
"Mean Weekly Earnings","2018","Roscommon","Female","Euro","590.07"
"Mean Weekly Earnings","2018","Sligo","Both sexes","Euro","658.18"
"Mean Weekly Earnings","2018","Sligo","Male","Euro","723.15"
"Mean Weekly Earnings","2018","Sligo","Female","Euro","601.09"
"Mean Weekly Earnings","2018","Cavan","Both sexes","Euro","632.47"
"Mean Weekly Earnings","2018","Cavan","Male","Euro","704.63"
"Mean Weekly Earnings","2018","Cavan","Female","Euro","559.43"
"Mean Weekly Earnings","2018","Donegal","Both sexes","Euro","564.53"
"Mean Weekly Earnings","2018","Donegal","Male","Euro","616.75"
"Mean Weekly Earnings","2018","Donegal","Female","Euro","516.98"
"Mean Weekly Earnings","2018","Monaghan","Both sexes","Euro","590.97"
"Mean Weekly Earnings","2018","Monaghan","Male","Euro","639.07"
"Mean Weekly Earnings","2018","Monaghan","Female","Euro","541.73"
"Median Weekly Earnings","2011","All counties (1)","Both sexes","Euro","544.6"
"Median Weekly Earnings","2011","All counties (1)","Male","Euro","616.29"
"Median Weekly Earnings","2011","All counties (1)","Female","Euro","480"
"Median Weekly Earnings","2011","Carlow","Both sexes","Euro","500.8"
"Median Weekly Earnings","2011","Carlow","Male","Euro","563.77"
"Median Weekly Earnings","2011","Carlow","Female","Euro","429.48"
"Median Weekly Earnings","2011","Dublin","Both sexes","Euro","590.94"
"Median Weekly Earnings","2011","Dublin","Male","Euro","666.36"
"Median Weekly Earnings","2011","Dublin","Female","Euro","524.45"
"Median Weekly Earnings","2011","Kildare","Both sexes","Euro","587.67"
"Median Weekly Earnings","2011","Kildare","Male","Euro","680.77"
"Median Weekly Earnings","2011","Kildare","Female","Euro","499.83"
"Median Weekly Earnings","2011","Kilkenny","Both sexes","Euro","534.1"
"Median Weekly Earnings","2011","Kilkenny","Male","Euro","599.82"
"Median Weekly Earnings","2011","Kilkenny","Female","Euro","474.54"
"Median Weekly Earnings","2011","Laois","Both sexes","Euro","550"
"Median Weekly Earnings","2011","Laois","Male","Euro","616.04"
"Median Weekly Earnings","2011","Laois","Female","Euro","490.04"
"Median Weekly Earnings","2011","Longford","Both sexes","Euro","493.12"
"Median Weekly Earnings","2011","Longford","Male","Euro","542.17"
"Median Weekly Earnings","2011","Longford","Female","Euro","446.25"
"Median Weekly Earnings","2011","Louth","Both sexes","Euro","512.65"
"Median Weekly Earnings","2011","Louth","Male","Euro","584.75"
"Median Weekly Earnings","2011","Louth","Female","Euro","444.34"
"Median Weekly Earnings","2011","Meath","Both sexes","Euro","574.54"
"Median Weekly Earnings","2011","Meath","Male","Euro","671.36"
"Median Weekly Earnings","2011","Meath","Female","Euro","495.01"
"Median Weekly Earnings","2011","Offaly","Both sexes","Euro","522.55"
"Median Weekly Earnings","2011","Offaly","Male","Euro","586.04"
"Median Weekly Earnings","2011","Offaly","Female","Euro","456.74"
"Median Weekly Earnings","2011","Westmeath","Both sexes","Euro","539.21"
"Median Weekly Earnings","2011","Westmeath","Male","Euro","613.63"
"Median Weekly Earnings","2011","Westmeath","Female","Euro","463.77"
"Median Weekly Earnings","2011","Wexford","Both sexes","Euro","477.4"
"Median Weekly Earnings","2011","Wexford","Male","Euro","541.59"
"Median Weekly Earnings","2011","Wexford","Female","Euro","417.07"
"Median Weekly Earnings","2011","Wicklow","Both sexes","Euro","557.69"
"Median Weekly Earnings","2011","Wicklow","Male","Euro","659.56"
"Median Weekly Earnings","2011","Wicklow","Female","Euro","477.46"
"Median Weekly Earnings","2011","Clare","Both sexes","Euro","533.8"
"Median Weekly Earnings","2011","Clare","Male","Euro","618.54"
"Median Weekly Earnings","2011","Clare","Female","Euro","466.36"
"Median Weekly Earnings","2011","Cork","Both sexes","Euro","543.8"
"Median Weekly Earnings","2011","Cork","Male","Euro","631.95"
"Median Weekly Earnings","2011","Cork","Female","Euro","464.79"
"Median Weekly Earnings","2011","Kerry","Both sexes","Euro","469.72"
"Median Weekly Earnings","2011","Kerry","Male","Euro","529.96"
"Median Weekly Earnings","2011","Kerry","Female","Euro","415.3"
"Median Weekly Earnings","2011","Limerick","Both sexes","Euro","535.36"
"Median Weekly Earnings","2011","Limerick","Male","Euro","608.66"
"Median Weekly Earnings","2011","Limerick","Female","Euro","469.34"
"Median Weekly Earnings","2011","Tipperary","Both sexes","Euro","516.62"
"Median Weekly Earnings","2011","Tipperary","Male","Euro","586.86"
"Median Weekly Earnings","2011","Tipperary","Female","Euro","448.16"
"Median Weekly Earnings","2011","Waterford","Both sexes","Euro","519.49"
"Median Weekly Earnings","2011","Waterford","Male","Euro","606.32"
"Median Weekly Earnings","2011","Waterford","Female","Euro","441.09"
"Median Weekly Earnings","2011","Galway","Both sexes","Euro","533.4"
"Median Weekly Earnings","2011","Galway","Male","Euro","582.02"
"Median Weekly Earnings","2011","Galway","Female","Euro","491.23"
"Median Weekly Earnings","2011","Leitrim","Both sexes","Euro","516.38"
"Median Weekly Earnings","2011","Leitrim","Male","Euro","558.9"
"Median Weekly Earnings","2011","Leitrim","Female","Euro","482.3"
"Median Weekly Earnings","2011","Mayo","Both sexes","Euro","489.63"
"Median Weekly Earnings","2011","Mayo","Male","Euro","549.35"
"Median Weekly Earnings","2011","Mayo","Female","Euro","440.33"
"Median Weekly Earnings","2011","Roscommon","Both sexes","Euro","533.92"
"Median Weekly Earnings","2011","Roscommon","Male","Euro","591.02"
"Median Weekly Earnings","2011","Roscommon","Female","Euro","473.47"
"Median Weekly Earnings","2011","Sligo","Both sexes","Euro","530.75"
"Median Weekly Earnings","2011","Sligo","Male","Euro","574.99"
"Median Weekly Earnings","2011","Sligo","Female","Euro","493.36"
"Median Weekly Earnings","2011","Cavan","Both sexes","Euro","503.22"
"Median Weekly Earnings","2011","Cavan","Male","Euro","555.93"
"Median Weekly Earnings","2011","Cavan","Female","Euro","448.27"
"Median Weekly Earnings","2011","Donegal","Both sexes","Euro","424.05"
"Median Weekly Earnings","2011","Donegal","Male","Euro","462.91"
"Median Weekly Earnings","2011","Donegal","Female","Euro","382.76"
"Median Weekly Earnings","2011","Monaghan","Both sexes","Euro","460.84"
"Median Weekly Earnings","2011","Monaghan","Male","Euro","492.31"
"Median Weekly Earnings","2011","Monaghan","Female","Euro","422.67"
"Median Weekly Earnings","2012","All counties (1)","Both sexes","Euro","541.79"
"Median Weekly Earnings","2012","All counties (1)","Male","Euro","609.25"
"Median Weekly Earnings","2012","All counties (1)","Female","Euro","479.38"
"Median Weekly Earnings","2012","Carlow","Both sexes","Euro","500"
"Median Weekly Earnings","2012","Carlow","Male","Euro","553.88"
"Median Weekly Earnings","2012","Carlow","Female","Euro","429.41"
"Median Weekly Earnings","2012","Dublin","Both sexes","Euro","587.79"
"Median Weekly Earnings","2012","Dublin","Male","Euro","657.41"
"Median Weekly Earnings","2012","Dublin","Female","Euro","525.93"
"Median Weekly Earnings","2012","Kildare","Both sexes","Euro","578.25"
"Median Weekly Earnings","2012","Kildare","Male","Euro","667.01"
"Median Weekly Earnings","2012","Kildare","Female","Euro","497.36"
"Median Weekly Earnings","2012","Kilkenny","Both sexes","Euro","532.35"
"Median Weekly Earnings","2012","Kilkenny","Male","Euro","596.78"
"Median Weekly Earnings","2012","Kilkenny","Female","Euro","477.45"
"Median Weekly Earnings","2012","Laois","Both sexes","Euro","546.88"
"Median Weekly Earnings","2012","Laois","Male","Euro","613.78"
"Median Weekly Earnings","2012","Laois","Female","Euro","483.83"
"Median Weekly Earnings","2012","Longford","Both sexes","Euro","491.93"
"Median Weekly Earnings","2012","Longford","Male","Euro","530.12"
"Median Weekly Earnings","2012","Longford","Female","Euro","448.12"
"Median Weekly Earnings","2012","Louth","Both sexes","Euro","521.22"
"Median Weekly Earnings","2012","Louth","Male","Euro","584.47"
"Median Weekly Earnings","2012","Louth","Female","Euro","457.57"
"Median Weekly Earnings","2012","Meath","Both sexes","Euro","571.59"
"Median Weekly Earnings","2012","Meath","Male","Euro","656.96"
"Median Weekly Earnings","2012","Meath","Female","Euro","495.75"
"Median Weekly Earnings","2012","Offaly","Both sexes","Euro","519"
"Median Weekly Earnings","2012","Offaly","Male","Euro","576.92"
"Median Weekly Earnings","2012","Offaly","Female","Euro","455.01"
"Median Weekly Earnings","2012","Westmeath","Both sexes","Euro","532.67"
"Median Weekly Earnings","2012","Westmeath","Male","Euro","602.69"
"Median Weekly Earnings","2012","Westmeath","Female","Euro","461.54"
"Median Weekly Earnings","2012","Wexford","Both sexes","Euro","476.92"
"Median Weekly Earnings","2012","Wexford","Male","Euro","537.85"
"Median Weekly Earnings","2012","Wexford","Female","Euro","419.09"
"Median Weekly Earnings","2012","Wicklow","Both sexes","Euro","550"
"Median Weekly Earnings","2012","Wicklow","Male","Euro","647.37"
"Median Weekly Earnings","2012","Wicklow","Female","Euro","469.44"
"Median Weekly Earnings","2012","Clare","Both sexes","Euro","532.34"
"Median Weekly Earnings","2012","Clare","Male","Euro","615.22"
"Median Weekly Earnings","2012","Clare","Female","Euro","470.71"
"Median Weekly Earnings","2012","Cork","Both sexes","Euro","544.36"
"Median Weekly Earnings","2012","Cork","Male","Euro","633.27"
"Median Weekly Earnings","2012","Cork","Female","Euro","463.35"
"Median Weekly Earnings","2012","Kerry","Both sexes","Euro","470.32"
"Median Weekly Earnings","2012","Kerry","Male","Euro","528.85"
"Median Weekly Earnings","2012","Kerry","Female","Euro","413.87"
"Median Weekly Earnings","2012","Limerick","Both sexes","Euro","531.93"
"Median Weekly Earnings","2012","Limerick","Male","Euro","604.64"
"Median Weekly Earnings","2012","Limerick","Female","Euro","461.63"
"Median Weekly Earnings","2012","Tipperary","Both sexes","Euro","513.27"
"Median Weekly Earnings","2012","Tipperary","Male","Euro","577.66"
"Median Weekly Earnings","2012","Tipperary","Female","Euro","447.1"
"Median Weekly Earnings","2012","Waterford","Both sexes","Euro","510.01"
"Median Weekly Earnings","2012","Waterford","Male","Euro","598.33"
"Median Weekly Earnings","2012","Waterford","Female","Euro","434.14"
"Median Weekly Earnings","2012","Galway","Both sexes","Euro","525"
"Median Weekly Earnings","2012","Galway","Male","Euro","572.03"
"Median Weekly Earnings","2012","Galway","Female","Euro","483.02"
"Median Weekly Earnings","2012","Leitrim","Both sexes","Euro","504.76"
"Median Weekly Earnings","2012","Leitrim","Male","Euro","550"
"Median Weekly Earnings","2012","Leitrim","Female","Euro","463.87"
"Median Weekly Earnings","2012","Mayo","Both sexes","Euro","486.58"
"Median Weekly Earnings","2012","Mayo","Male","Euro","546.71"
"Median Weekly Earnings","2012","Mayo","Female","Euro","432.43"
"Median Weekly Earnings","2012","Roscommon","Both sexes","Euro","520.98"
"Median Weekly Earnings","2012","Roscommon","Male","Euro","575.94"
"Median Weekly Earnings","2012","Roscommon","Female","Euro","465.65"
"Median Weekly Earnings","2012","Sligo","Both sexes","Euro","530.5"
"Median Weekly Earnings","2012","Sligo","Male","Euro","570.99"
"Median Weekly Earnings","2012","Sligo","Female","Euro","496.58"
"Median Weekly Earnings","2012","Cavan","Both sexes","Euro","500"
"Median Weekly Earnings","2012","Cavan","Male","Euro","556.21"
"Median Weekly Earnings","2012","Cavan","Female","Euro","448.05"
"Median Weekly Earnings","2012","Donegal","Both sexes","Euro","429.42"
"Median Weekly Earnings","2012","Donegal","Male","Euro","464.21"
"Median Weekly Earnings","2012","Donegal","Female","Euro","389.16"
"Median Weekly Earnings","2012","Monaghan","Both sexes","Euro","460.92"
"Median Weekly Earnings","2012","Monaghan","Male","Euro","490.85"
"Median Weekly Earnings","2012","Monaghan","Female","Euro","424.86"
"Median Weekly Earnings","2013","All counties (1)","Both sexes","Euro","547.1"
"Median Weekly Earnings","2013","All counties (1)","Male","Euro","610.21"
"Median Weekly Earnings","2013","All counties (1)","Female","Euro","484.6"
"Median Weekly Earnings","2013","Carlow","Both sexes","Euro","509.72"
"Median Weekly Earnings","2013","Carlow","Male","Euro","564.76"
"Median Weekly Earnings","2013","Carlow","Female","Euro","438.45"
"Median Weekly Earnings","2013","Dublin","Both sexes","Euro","589.83"
"Median Weekly Earnings","2013","Dublin","Male","Euro","656.81"
"Median Weekly Earnings","2013","Dublin","Female","Euro","530.02"
"Median Weekly Earnings","2013","Kildare","Both sexes","Euro","586.75"
"Median Weekly Earnings","2013","Kildare","Male","Euro","672.52"
"Median Weekly Earnings","2013","Kildare","Female","Euro","505.88"
"Median Weekly Earnings","2013","Kilkenny","Both sexes","Euro","535.83"
"Median Weekly Earnings","2013","Kilkenny","Male","Euro","589.66"
"Median Weekly Earnings","2013","Kilkenny","Female","Euro","483.47"
"Median Weekly Earnings","2013","Laois","Both sexes","Euro","551.86"
"Median Weekly Earnings","2013","Laois","Male","Euro","607.52"
"Median Weekly Earnings","2013","Laois","Female","Euro","489.69"
"Median Weekly Earnings","2013","Longford","Both sexes","Euro","504.98"
"Median Weekly Earnings","2013","Longford","Male","Euro","541.87"
"Median Weekly Earnings","2013","Longford","Female","Euro","468.64"
"Median Weekly Earnings","2013","Louth","Both sexes","Euro","513.02"
"Median Weekly Earnings","2013","Louth","Male","Euro","576.92"
"Median Weekly Earnings","2013","Louth","Female","Euro","452.56"
"Median Weekly Earnings","2013","Meath","Both sexes","Euro","576.9"
"Median Weekly Earnings","2013","Meath","Male","Euro","659.06"
"Median Weekly Earnings","2013","Meath","Female","Euro","501.02"
"Median Weekly Earnings","2013","Offaly","Both sexes","Euro","529.5"
"Median Weekly Earnings","2013","Offaly","Male","Euro","584.4"
"Median Weekly Earnings","2013","Offaly","Female","Euro","462.16"
"Median Weekly Earnings","2013","Westmeath","Both sexes","Euro","542.63"
"Median Weekly Earnings","2013","Westmeath","Male","Euro","602.12"
"Median Weekly Earnings","2013","Westmeath","Female","Euro","473.83"
"Median Weekly Earnings","2013","Wexford","Both sexes","Euro","481.54"
"Median Weekly Earnings","2013","Wexford","Male","Euro","535.23"
"Median Weekly Earnings","2013","Wexford","Female","Euro","422.2"
"Median Weekly Earnings","2013","Wicklow","Both sexes","Euro","553.79"
"Median Weekly Earnings","2013","Wicklow","Male","Euro","640.42"
"Median Weekly Earnings","2013","Wicklow","Female","Euro","477.04"
"Median Weekly Earnings","2013","Clare","Both sexes","Euro","535.13"
"Median Weekly Earnings","2013","Clare","Male","Euro","610.29"
"Median Weekly Earnings","2013","Clare","Female","Euro","473.45"
"Median Weekly Earnings","2013","Cork","Both sexes","Euro","553.33"
"Median Weekly Earnings","2013","Cork","Male","Euro","637.08"
"Median Weekly Earnings","2013","Cork","Female","Euro","472.79"
"Median Weekly Earnings","2013","Kerry","Both sexes","Euro","475.85"
"Median Weekly Earnings","2013","Kerry","Male","Euro","532.27"
"Median Weekly Earnings","2013","Kerry","Female","Euro","419.54"
"Median Weekly Earnings","2013","Limerick","Both sexes","Euro","534"
"Median Weekly Earnings","2013","Limerick","Male","Euro","600.97"
"Median Weekly Earnings","2013","Limerick","Female","Euro","465.21"
"Median Weekly Earnings","2013","Tipperary","Both sexes","Euro","518.37"
"Median Weekly Earnings","2013","Tipperary","Male","Euro","576.92"
"Median Weekly Earnings","2013","Tipperary","Female","Euro","452.38"
"Median Weekly Earnings","2013","Waterford","Both sexes","Euro","519.23"
"Median Weekly Earnings","2013","Waterford","Male","Euro","599.81"
"Median Weekly Earnings","2013","Waterford","Female","Euro","446.92"
"Median Weekly Earnings","2013","Galway","Both sexes","Euro","535.79"
"Median Weekly Earnings","2013","Galway","Male","Euro","579.18"
"Median Weekly Earnings","2013","Galway","Female","Euro","495.17"
"Median Weekly Earnings","2013","Leitrim","Both sexes","Euro","514.62"
"Median Weekly Earnings","2013","Leitrim","Male","Euro","553.4"
"Median Weekly Earnings","2013","Leitrim","Female","Euro","472.94"
"Median Weekly Earnings","2013","Mayo","Both sexes","Euro","496.66"
"Median Weekly Earnings","2013","Mayo","Male","Euro","551.71"
"Median Weekly Earnings","2013","Mayo","Female","Euro","441.88"
"Median Weekly Earnings","2013","Roscommon","Both sexes","Euro","528.22"
"Median Weekly Earnings","2013","Roscommon","Male","Euro","576.6"
"Median Weekly Earnings","2013","Roscommon","Female","Euro","478.38"
"Median Weekly Earnings","2013","Sligo","Both sexes","Euro","535.02"
"Median Weekly Earnings","2013","Sligo","Male","Euro","571.46"
"Median Weekly Earnings","2013","Sligo","Female","Euro","497.19"
"Median Weekly Earnings","2013","Cavan","Both sexes","Euro","503.73"
"Median Weekly Earnings","2013","Cavan","Male","Euro","553.42"
"Median Weekly Earnings","2013","Cavan","Female","Euro","449.65"
"Median Weekly Earnings","2013","Donegal","Both sexes","Euro","429.45"
"Median Weekly Earnings","2013","Donegal","Male","Euro","462"
"Median Weekly Earnings","2013","Donegal","Female","Euro","391.02"
"Median Weekly Earnings","2013","Monaghan","Both sexes","Euro","463.1"
"Median Weekly Earnings","2013","Monaghan","Male","Euro","491.12"
"Median Weekly Earnings","2013","Monaghan","Female","Euro","426.42"
"Median Weekly Earnings","2014","All counties (1)","Both sexes","Euro","548.37"
"Median Weekly Earnings","2014","All counties (1)","Male","Euro","608.93"
"Median Weekly Earnings","2014","All counties (1)","Female","Euro","484.63"
"Median Weekly Earnings","2014","Carlow","Both sexes","Euro","514.25"
"Median Weekly Earnings","2014","Carlow","Male","Euro","569.88"
"Median Weekly Earnings","2014","Carlow","Female","Euro","439.3"
"Median Weekly Earnings","2014","Dublin","Both sexes","Euro","589.06"
"Median Weekly Earnings","2014","Dublin","Male","Euro","653.73"
"Median Weekly Earnings","2014","Dublin","Female","Euro","529.56"
"Median Weekly Earnings","2014","Kildare","Both sexes","Euro","586.06"
"Median Weekly Earnings","2014","Kildare","Male","Euro","664"
"Median Weekly Earnings","2014","Kildare","Female","Euro","505.19"
"Median Weekly Earnings","2014","Kilkenny","Both sexes","Euro","541.98"
"Median Weekly Earnings","2014","Kilkenny","Male","Euro","598.1"
"Median Weekly Earnings","2014","Kilkenny","Female","Euro","484.38"
"Median Weekly Earnings","2014","Laois","Both sexes","Euro","552.84"
"Median Weekly Earnings","2014","Laois","Male","Euro","605.99"
"Median Weekly Earnings","2014","Laois","Female","Euro","492.63"
"Median Weekly Earnings","2014","Longford","Both sexes","Euro","502.83"
"Median Weekly Earnings","2014","Longford","Male","Euro","541.63"
"Median Weekly Earnings","2014","Longford","Female","Euro","458.08"
"Median Weekly Earnings","2014","Louth","Both sexes","Euro","520.5"
"Median Weekly Earnings","2014","Louth","Male","Euro","580.54"
"Median Weekly Earnings","2014","Louth","Female","Euro","454.72"
"Median Weekly Earnings","2014","Meath","Both sexes","Euro","576.04"
"Median Weekly Earnings","2014","Meath","Male","Euro","653.29"
"Median Weekly Earnings","2014","Meath","Female","Euro","498.44"
"Median Weekly Earnings","2014","Offaly","Both sexes","Euro","528.5"
"Median Weekly Earnings","2014","Offaly","Male","Euro","575.94"
"Median Weekly Earnings","2014","Offaly","Female","Euro","465.77"
"Median Weekly Earnings","2014","Westmeath","Both sexes","Euro","542.05"
"Median Weekly Earnings","2014","Westmeath","Male","Euro","599.42"
"Median Weekly Earnings","2014","Westmeath","Female","Euro","476.75"
"Median Weekly Earnings","2014","Wexford","Both sexes","Euro","480"
"Median Weekly Earnings","2014","Wexford","Male","Euro","531.88"
"Median Weekly Earnings","2014","Wexford","Female","Euro","420"
"Median Weekly Earnings","2014","Wicklow","Both sexes","Euro","551.09"
"Median Weekly Earnings","2014","Wicklow","Male","Euro","637.07"
"Median Weekly Earnings","2014","Wicklow","Female","Euro","475.38"
"Median Weekly Earnings","2014","Clare","Both sexes","Euro","542.22"
"Median Weekly Earnings","2014","Clare","Male","Euro","615.14"
"Median Weekly Earnings","2014","Clare","Female","Euro","478.55"
"Median Weekly Earnings","2014","Cork","Both sexes","Euro","553.71"
"Median Weekly Earnings","2014","Cork","Male","Euro","636.14"
"Median Weekly Earnings","2014","Cork","Female","Euro","471.59"
"Median Weekly Earnings","2014","Kerry","Both sexes","Euro","477.79"
"Median Weekly Earnings","2014","Kerry","Male","Euro","532.57"
"Median Weekly Earnings","2014","Kerry","Female","Euro","419.5"
"Median Weekly Earnings","2014","Limerick","Both sexes","Euro","539.62"
"Median Weekly Earnings","2014","Limerick","Male","Euro","603.96"
"Median Weekly Earnings","2014","Limerick","Female","Euro","468.63"
"Median Weekly Earnings","2014","Tipperary","Both sexes","Euro","520.96"
"Median Weekly Earnings","2014","Tipperary","Male","Euro","577.08"
"Median Weekly Earnings","2014","Tipperary","Female","Euro","455.84"
"Median Weekly Earnings","2014","Waterford","Both sexes","Euro","514.87"
"Median Weekly Earnings","2014","Waterford","Male","Euro","596.52"
"Median Weekly Earnings","2014","Waterford","Female","Euro","438.25"
"Median Weekly Earnings","2014","Galway","Both sexes","Euro","547"
"Median Weekly Earnings","2014","Galway","Male","Euro","587.77"
"Median Weekly Earnings","2014","Galway","Female","Euro","504.86"
"Median Weekly Earnings","2014","Leitrim","Both sexes","Euro","510.35"
"Median Weekly Earnings","2014","Leitrim","Male","Euro","549.73"
"Median Weekly Earnings","2014","Leitrim","Female","Euro","474.64"
"Median Weekly Earnings","2014","Mayo","Both sexes","Euro","497.43"
"Median Weekly Earnings","2014","Mayo","Male","Euro","552.87"
"Median Weekly Earnings","2014","Mayo","Female","Euro","443.2"
"Median Weekly Earnings","2014","Roscommon","Both sexes","Euro","530.32"
"Median Weekly Earnings","2014","Roscommon","Male","Euro","578.33"
"Median Weekly Earnings","2014","Roscommon","Female","Euro","478.8"
"Median Weekly Earnings","2014","Sligo","Both sexes","Euro","535.28"
"Median Weekly Earnings","2014","Sligo","Male","Euro","571.83"
"Median Weekly Earnings","2014","Sligo","Female","Euro","497.83"
"Median Weekly Earnings","2014","Cavan","Both sexes","Euro","505.99"
"Median Weekly Earnings","2014","Cavan","Male","Euro","552.1"
"Median Weekly Earnings","2014","Cavan","Female","Euro","454.47"
"Median Weekly Earnings","2014","Donegal","Both sexes","Euro","431.75"
"Median Weekly Earnings","2014","Donegal","Male","Euro","466.38"
"Median Weekly Earnings","2014","Donegal","Female","Euro","393.89"
"Median Weekly Earnings","2014","Monaghan","Both sexes","Euro","465.36"
"Median Weekly Earnings","2014","Monaghan","Male","Euro","490.94"
"Median Weekly Earnings","2014","Monaghan","Female","Euro","427.92"
"Median Weekly Earnings","2015","All counties (1)","Both sexes","Euro","550.68"
"Median Weekly Earnings","2015","All counties (1)","Male","Euro","609.68"
"Median Weekly Earnings","2015","All counties (1)","Female","Euro","486.54"
"Median Weekly Earnings","2015","Carlow","Both sexes","Euro","517.45"
"Median Weekly Earnings","2015","Carlow","Male","Euro","566.73"
"Median Weekly Earnings","2015","Carlow","Female","Euro","441.98"
"Median Weekly Earnings","2015","Dublin","Both sexes","Euro","592.33"
"Median Weekly Earnings","2015","Dublin","Male","Euro","654.02"
"Median Weekly Earnings","2015","Dublin","Female","Euro","530.94"
"Median Weekly Earnings","2015","Kildare","Both sexes","Euro","592.43"
"Median Weekly Earnings","2015","Kildare","Male","Euro","669.27"
"Median Weekly Earnings","2015","Kildare","Female","Euro","513.92"
"Median Weekly Earnings","2015","Kilkenny","Both sexes","Euro","545.5"
"Median Weekly Earnings","2015","Kilkenny","Male","Euro","592.21"
"Median Weekly Earnings","2015","Kilkenny","Female","Euro","491.43"
"Median Weekly Earnings","2015","Laois","Both sexes","Euro","555.79"
"Median Weekly Earnings","2015","Laois","Male","Euro","608.13"
"Median Weekly Earnings","2015","Laois","Female","Euro","497.02"
"Median Weekly Earnings","2015","Longford","Both sexes","Euro","503.29"
"Median Weekly Earnings","2015","Longford","Male","Euro","546.23"
"Median Weekly Earnings","2015","Longford","Female","Euro","456.57"
"Median Weekly Earnings","2015","Louth","Both sexes","Euro","523.63"
"Median Weekly Earnings","2015","Louth","Male","Euro","581.88"
"Median Weekly Earnings","2015","Louth","Female","Euro","460"
"Median Weekly Earnings","2015","Meath","Both sexes","Euro","577.85"
"Median Weekly Earnings","2015","Meath","Male","Euro","651.77"
"Median Weekly Earnings","2015","Meath","Female","Euro","501.13"
"Median Weekly Earnings","2015","Offaly","Both sexes","Euro","528.08"
"Median Weekly Earnings","2015","Offaly","Male","Euro","579.1"
"Median Weekly Earnings","2015","Offaly","Female","Euro","463.83"
"Median Weekly Earnings","2015","Westmeath","Both sexes","Euro","540"
"Median Weekly Earnings","2015","Westmeath","Male","Euro","596.96"
"Median Weekly Earnings","2015","Westmeath","Female","Euro","475.99"
"Median Weekly Earnings","2015","Wexford","Both sexes","Euro","484.62"
"Median Weekly Earnings","2015","Wexford","Male","Euro","534.73"
"Median Weekly Earnings","2015","Wexford","Female","Euro","420.96"
"Median Weekly Earnings","2015","Wicklow","Both sexes","Euro","558.23"
"Median Weekly Earnings","2015","Wicklow","Male","Euro","635.25"
"Median Weekly Earnings","2015","Wicklow","Female","Euro","480.25"
"Median Weekly Earnings","2015","Clare","Both sexes","Euro","543"
"Median Weekly Earnings","2015","Clare","Male","Euro","615.06"
"Median Weekly Earnings","2015","Clare","Female","Euro","480.23"
"Median Weekly Earnings","2015","Cork","Both sexes","Euro","559.9"
"Median Weekly Earnings","2015","Cork","Male","Euro","641.29"
"Median Weekly Earnings","2015","Cork","Female","Euro","476.92"
"Median Weekly Earnings","2015","Kerry","Both sexes","Euro","478.21"
"Median Weekly Earnings","2015","Kerry","Male","Euro","537.07"
"Median Weekly Earnings","2015","Kerry","Female","Euro","416.08"
"Median Weekly Earnings","2015","Limerick","Both sexes","Euro","541.06"
"Median Weekly Earnings","2015","Limerick","Male","Euro","606.47"
"Median Weekly Earnings","2015","Limerick","Female","Euro","473.38"
"Median Weekly Earnings","2015","Tipperary","Both sexes","Euro","520.7"
"Median Weekly Earnings","2015","Tipperary","Male","Euro","576.57"
"Median Weekly Earnings","2015","Tipperary","Female","Euro","458.19"
"Median Weekly Earnings","2015","Waterford","Both sexes","Euro","515"
"Median Weekly Earnings","2015","Waterford","Male","Euro","591.43"
"Median Weekly Earnings","2015","Waterford","Female","Euro","438.68"
"Median Weekly Earnings","2015","Galway","Both sexes","Euro","541.87"
"Median Weekly Earnings","2015","Galway","Male","Euro","586.13"
"Median Weekly Earnings","2015","Galway","Female","Euro","496.44"
"Median Weekly Earnings","2015","Leitrim","Both sexes","Euro","509.46"
"Median Weekly Earnings","2015","Leitrim","Male","Euro","547.22"
"Median Weekly Earnings","2015","Leitrim","Female","Euro","476.41"
"Median Weekly Earnings","2015","Mayo","Both sexes","Euro","500"
"Median Weekly Earnings","2015","Mayo","Male","Euro","553.62"
"Median Weekly Earnings","2015","Mayo","Female","Euro","446.53"
"Median Weekly Earnings","2015","Roscommon","Both sexes","Euro","530.17"
"Median Weekly Earnings","2015","Roscommon","Male","Euro","577.1"
"Median Weekly Earnings","2015","Roscommon","Female","Euro","480.75"
"Median Weekly Earnings","2015","Sligo","Both sexes","Euro","534.96"
"Median Weekly Earnings","2015","Sligo","Male","Euro","572.8"
"Median Weekly Earnings","2015","Sligo","Female","Euro","498.3"
"Median Weekly Earnings","2015","Cavan","Both sexes","Euro","513.56"
"Median Weekly Earnings","2015","Cavan","Male","Euro","559.67"
"Median Weekly Earnings","2015","Cavan","Female","Euro","458.9"
"Median Weekly Earnings","2015","Donegal","Both sexes","Euro","434.51"
"Median Weekly Earnings","2015","Donegal","Male","Euro","470.38"
"Median Weekly Earnings","2015","Donegal","Female","Euro","392"
"Median Weekly Earnings","2015","Monaghan","Both sexes","Euro","468.5"
"Median Weekly Earnings","2015","Monaghan","Male","Euro","499.65"
"Median Weekly Earnings","2015","Monaghan","Female","Euro","424.32"
"Median Weekly Earnings","2016","All counties (1)","Both sexes","Euro","560.21"
"Median Weekly Earnings","2016","All counties (1)","Male","Euro","618.7"
"Median Weekly Earnings","2016","All counties (1)","Female","Euro","494.12"
"Median Weekly Earnings","2016","Carlow","Both sexes","Euro","519.37"
"Median Weekly Earnings","2016","Carlow","Male","Euro","575.31"
"Median Weekly Earnings","2016","Carlow","Female","Euro","438.29"
"Median Weekly Earnings","2016","Dublin","Both sexes","Euro","611.44"
"Median Weekly Earnings","2016","Dublin","Male","Euro","670.67"
"Median Weekly Earnings","2016","Dublin","Female","Euro","552.57"
"Median Weekly Earnings","2016","Kildare","Both sexes","Euro","600.92"
"Median Weekly Earnings","2016","Kildare","Male","Euro","675.67"
"Median Weekly Earnings","2016","Kildare","Female","Euro","519.92"
"Median Weekly Earnings","2016","Kilkenny","Both sexes","Euro","542.6"
"Median Weekly Earnings","2016","Kilkenny","Male","Euro","593.94"
"Median Weekly Earnings","2016","Kilkenny","Female","Euro","483.67"
"Median Weekly Earnings","2016","Laois","Both sexes","Euro","557.81"
"Median Weekly Earnings","2016","Laois","Male","Euro","610.53"
"Median Weekly Earnings","2016","Laois","Female","Euro","492.14"
"Median Weekly Earnings","2016","Longford","Both sexes","Euro","507.5"
"Median Weekly Earnings","2016","Longford","Male","Euro","548.65"
"Median Weekly Earnings","2016","Longford","Female","Euro","454.19"
"Median Weekly Earnings","2016","Louth","Both sexes","Euro","527.97"
"Median Weekly Earnings","2016","Louth","Male","Euro","584.92"
"Median Weekly Earnings","2016","Louth","Female","Euro","465.81"
"Median Weekly Earnings","2016","Meath","Both sexes","Euro","584.66"
"Median Weekly Earnings","2016","Meath","Male","Euro","659.41"
"Median Weekly Earnings","2016","Meath","Female","Euro","504.54"
"Median Weekly Earnings","2016","Offaly","Both sexes","Euro","529.12"
"Median Weekly Earnings","2016","Offaly","Male","Euro","580.38"
"Median Weekly Earnings","2016","Offaly","Female","Euro","460.16"
"Median Weekly Earnings","2016","Westmeath","Both sexes","Euro","546.81"
"Median Weekly Earnings","2016","Westmeath","Male","Euro","603.89"
"Median Weekly Earnings","2016","Westmeath","Female","Euro","478.1"
"Median Weekly Earnings","2016","Wexford","Both sexes","Euro","491.76"
"Median Weekly Earnings","2016","Wexford","Male","Euro","546.48"
"Median Weekly Earnings","2016","Wexford","Female","Euro","423.96"
"Median Weekly Earnings","2016","Wicklow","Both sexes","Euro","568.42"
"Median Weekly Earnings","2016","Wicklow","Male","Euro","645.19"
"Median Weekly Earnings","2016","Wicklow","Female","Euro","488.65"
"Median Weekly Earnings","2016","Clare","Both sexes","Euro","544.44"
"Median Weekly Earnings","2016","Clare","Male","Euro","615.39"
"Median Weekly Earnings","2016","Clare","Female","Euro","475.71"
"Median Weekly Earnings","2016","Cork","Both sexes","Euro","566.75"
"Median Weekly Earnings","2016","Cork","Male","Euro","649.98"
"Median Weekly Earnings","2016","Cork","Female","Euro","480.92"
"Median Weekly Earnings","2016","Kerry","Both sexes","Euro","472.67"
"Median Weekly Earnings","2016","Kerry","Male","Euro","537.9"
"Median Weekly Earnings","2016","Kerry","Female","Euro","410.21"
"Median Weekly Earnings","2016","Limerick","Both sexes","Euro","545.38"
"Median Weekly Earnings","2016","Limerick","Male","Euro","610.87"
"Median Weekly Earnings","2016","Limerick","Female","Euro","475.69"
"Median Weekly Earnings","2016","Tipperary","Both sexes","Euro","517.49"
"Median Weekly Earnings","2016","Tipperary","Male","Euro","575.65"
"Median Weekly Earnings","2016","Tipperary","Female","Euro","450.87"
"Median Weekly Earnings","2016","Waterford","Both sexes","Euro","519.23"
"Median Weekly Earnings","2016","Waterford","Male","Euro","589.92"
"Median Weekly Earnings","2016","Waterford","Female","Euro","441.59"
"Median Weekly Earnings","2016","Galway","Both sexes","Euro","551.15"
"Median Weekly Earnings","2016","Galway","Male","Euro","595.54"
"Median Weekly Earnings","2016","Galway","Female","Euro","500.88"
"Median Weekly Earnings","2016","Leitrim","Both sexes","Euro","506.4"
"Median Weekly Earnings","2016","Leitrim","Male","Euro","545.12"
"Median Weekly Earnings","2016","Leitrim","Female","Euro","467.98"
"Median Weekly Earnings","2016","Mayo","Both sexes","Euro","496.71"
"Median Weekly Earnings","2016","Mayo","Male","Euro","553.03"
"Median Weekly Earnings","2016","Mayo","Female","Euro","440.05"
"Median Weekly Earnings","2016","Roscommon","Both sexes","Euro","529.13"
"Median Weekly Earnings","2016","Roscommon","Male","Euro","578.77"
"Median Weekly Earnings","2016","Roscommon","Female","Euro","479.12"
"Median Weekly Earnings","2016","Sligo","Both sexes","Euro","526.36"
"Median Weekly Earnings","2016","Sligo","Male","Euro","560.96"
"Median Weekly Earnings","2016","Sligo","Female","Euro","490.25"
"Median Weekly Earnings","2016","Cavan","Both sexes","Euro","509.83"
"Median Weekly Earnings","2016","Cavan","Male","Euro","560"
"Median Weekly Earnings","2016","Cavan","Female","Euro","449.46"
"Median Weekly Earnings","2016","Donegal","Both sexes","Euro","439.43"
"Median Weekly Earnings","2016","Donegal","Male","Euro","478.58"
"Median Weekly Earnings","2016","Donegal","Female","Euro","393.92"
"Median Weekly Earnings","2016","Monaghan","Both sexes","Euro","479.3"
"Median Weekly Earnings","2016","Monaghan","Male","Euro","511.99"
"Median Weekly Earnings","2016","Monaghan","Female","Euro","430.69"
"Median Weekly Earnings","2017","All counties (1)","Both sexes","Euro","575.75"
"Median Weekly Earnings","2017","All counties (1)","Male","Euro","636.13"
"Median Weekly Earnings","2017","All counties (1)","Female","Euro","504.77"
"Median Weekly Earnings","2017","Carlow","Both sexes","Euro","532.16"
"Median Weekly Earnings","2017","Carlow","Male","Euro","589.26"
"Median Weekly Earnings","2017","Carlow","Female","Euro","447.33"
"Median Weekly Earnings","2017","Dublin","Both sexes","Euro","625.85"
"Median Weekly Earnings","2017","Dublin","Male","Euro","689"
"Median Weekly Earnings","2017","Dublin","Female","Euro","562.15"
"Median Weekly Earnings","2017","Kildare","Both sexes","Euro","620.22"
"Median Weekly Earnings","2017","Kildare","Male","Euro","697.96"
"Median Weekly Earnings","2017","Kildare","Female","Euro","533.5"
"Median Weekly Earnings","2017","Kilkenny","Both sexes","Euro","565.31"
"Median Weekly Earnings","2017","Kilkenny","Male","Euro","614.29"
"Median Weekly Earnings","2017","Kilkenny","Female","Euro","501.85"
"Median Weekly Earnings","2017","Laois","Both sexes","Euro","571.74"
"Median Weekly Earnings","2017","Laois","Male","Euro","625.12"
"Median Weekly Earnings","2017","Laois","Female","Euro","501.8"
"Median Weekly Earnings","2017","Longford","Both sexes","Euro","518.33"
"Median Weekly Earnings","2017","Longford","Male","Euro","559.23"
"Median Weekly Earnings","2017","Longford","Female","Euro","461.78"
"Median Weekly Earnings","2017","Louth","Both sexes","Euro","542.58"
"Median Weekly Earnings","2017","Louth","Male","Euro","602.29"
"Median Weekly Earnings","2017","Louth","Female","Euro","473.18"
"Median Weekly Earnings","2017","Meath","Both sexes","Euro","602.11"
"Median Weekly Earnings","2017","Meath","Male","Euro","679.43"
"Median Weekly Earnings","2017","Meath","Female","Euro","517.09"
"Median Weekly Earnings","2017","Offaly","Both sexes","Euro","544.68"
"Median Weekly Earnings","2017","Offaly","Male","Euro","596.74"
"Median Weekly Earnings","2017","Offaly","Female","Euro","475.6"
"Median Weekly Earnings","2017","Westmeath","Both sexes","Euro","558"
"Median Weekly Earnings","2017","Westmeath","Male","Euro","617.39"
"Median Weekly Earnings","2017","Westmeath","Female","Euro","484.77"
"Median Weekly Earnings","2017","Wexford","Both sexes","Euro","506.82"
"Median Weekly Earnings","2017","Wexford","Male","Euro","565.15"
"Median Weekly Earnings","2017","Wexford","Female","Euro","437.94"
"Median Weekly Earnings","2017","Wicklow","Both sexes","Euro","581.17"
"Median Weekly Earnings","2017","Wicklow","Male","Euro","658"
"Median Weekly Earnings","2017","Wicklow","Female","Euro","501.27"
"Median Weekly Earnings","2017","Clare","Both sexes","Euro","561.98"
"Median Weekly Earnings","2017","Clare","Male","Euro","633.31"
"Median Weekly Earnings","2017","Clare","Female","Euro","491.1"
"Median Weekly Earnings","2017","Cork","Both sexes","Euro","580.86"
"Median Weekly Earnings","2017","Cork","Male","Euro","665.46"
"Median Weekly Earnings","2017","Cork","Female","Euro","491.44"
"Median Weekly Earnings","2017","Kerry","Both sexes","Euro","490.63"
"Median Weekly Earnings","2017","Kerry","Male","Euro","552.53"
"Median Weekly Earnings","2017","Kerry","Female","Euro","426.92"
"Median Weekly Earnings","2017","Limerick","Both sexes","Euro","559.71"
"Median Weekly Earnings","2017","Limerick","Male","Euro","625.29"
"Median Weekly Earnings","2017","Limerick","Female","Euro","486.14"
"Median Weekly Earnings","2017","Tipperary","Both sexes","Euro","532.98"
"Median Weekly Earnings","2017","Tipperary","Male","Euro","594.65"
"Median Weekly Earnings","2017","Tipperary","Female","Euro","462.01"
"Median Weekly Earnings","2017","Waterford","Both sexes","Euro","535.03"
"Median Weekly Earnings","2017","Waterford","Male","Euro","610.23"
"Median Weekly Earnings","2017","Waterford","Female","Euro","453"
"Median Weekly Earnings","2017","Galway","Both sexes","Euro","570.5"
"Median Weekly Earnings","2017","Galway","Male","Euro","615.38"
"Median Weekly Earnings","2017","Galway","Female","Euro","518.26"
"Median Weekly Earnings","2017","Leitrim","Both sexes","Euro","525.83"
"Median Weekly Earnings","2017","Leitrim","Male","Euro","567.55"
"Median Weekly Earnings","2017","Leitrim","Female","Euro","479.27"
"Median Weekly Earnings","2017","Mayo","Both sexes","Euro","511.52"
"Median Weekly Earnings","2017","Mayo","Male","Euro","567.44"
"Median Weekly Earnings","2017","Mayo","Female","Euro","455.63"
"Median Weekly Earnings","2017","Roscommon","Both sexes","Euro","545.56"
"Median Weekly Earnings","2017","Roscommon","Male","Euro","596.62"
"Median Weekly Earnings","2017","Roscommon","Female","Euro","490.27"
"Median Weekly Earnings","2017","Sligo","Both sexes","Euro","541.93"
"Median Weekly Earnings","2017","Sligo","Male","Euro","579.55"
"Median Weekly Earnings","2017","Sligo","Female","Euro","503.33"
"Median Weekly Earnings","2017","Cavan","Both sexes","Euro","524.83"
"Median Weekly Earnings","2017","Cavan","Male","Euro","575.48"
"Median Weekly Earnings","2017","Cavan","Female","Euro","460.77"
"Median Weekly Earnings","2017","Donegal","Both sexes","Euro","456.14"
"Median Weekly Earnings","2017","Donegal","Male","Euro","496.36"
"Median Weekly Earnings","2017","Donegal","Female","Euro","407.42"
"Median Weekly Earnings","2017","Monaghan","Both sexes","Euro","491.63"
"Median Weekly Earnings","2017","Monaghan","Male","Euro","532.14"
"Median Weekly Earnings","2017","Monaghan","Female","Euro","437.36"
"Median Weekly Earnings","2018","All counties (1)","Both sexes","Euro","592.6"
"Median Weekly Earnings","2018","All counties (1)","Male","Euro","659.58"
"Median Weekly Earnings","2018","All counties (1)","Female","Euro","517.62"
"Median Weekly Earnings","2018","Carlow","Both sexes","Euro","548.63"
"Median Weekly Earnings","2018","Carlow","Male","Euro","607.86"
"Median Weekly Earnings","2018","Carlow","Female","Euro","454.29"
"Median Weekly Earnings","2018","Dublin","Both sexes","Euro","645.78"
"Median Weekly Earnings","2018","Dublin","Male","Euro","714.67"
"Median Weekly Earnings","2018","Dublin","Female","Euro","573"
"Median Weekly Earnings","2018","Kildare","Both sexes","Euro","639.9"
"Median Weekly Earnings","2018","Kildare","Male","Euro","724.87"
"Median Weekly Earnings","2018","Kildare","Female","Euro","544.4"
"Median Weekly Earnings","2018","Kilkenny","Both sexes","Euro","586.79"
"Median Weekly Earnings","2018","Kilkenny","Male","Euro","640.86"
"Median Weekly Earnings","2018","Kilkenny","Female","Euro","525.34"
"Median Weekly Earnings","2018","Laois","Both sexes","Euro","589.05"
"Median Weekly Earnings","2018","Laois","Male","Euro","645.87"
"Median Weekly Earnings","2018","Laois","Female","Euro","514.6"
"Median Weekly Earnings","2018","Longford","Both sexes","Euro","528"
"Median Weekly Earnings","2018","Longford","Male","Euro","571.03"
"Median Weekly Earnings","2018","Longford","Female","Euro","474.77"
"Median Weekly Earnings","2018","Louth","Both sexes","Euro","557.69"
"Median Weekly Earnings","2018","Louth","Male","Euro","620.22"
"Median Weekly Earnings","2018","Louth","Female","Euro","483.81"
"Median Weekly Earnings","2018","Meath","Both sexes","Euro","618.54"
"Median Weekly Earnings","2018","Meath","Male","Euro","703.99"
"Median Weekly Earnings","2018","Meath","Female","Euro","528.9"
"Median Weekly Earnings","2018","Offaly","Both sexes","Euro","557.63"
"Median Weekly Earnings","2018","Offaly","Male","Euro","616.3"
"Median Weekly Earnings","2018","Offaly","Female","Euro","480"
"Median Weekly Earnings","2018","Westmeath","Both sexes","Euro","574.63"
"Median Weekly Earnings","2018","Westmeath","Male","Euro","639.87"
"Median Weekly Earnings","2018","Westmeath","Female","Euro","494.75"
"Median Weekly Earnings","2018","Wexford","Both sexes","Euro","522.98"
"Median Weekly Earnings","2018","Wexford","Male","Euro","583.79"
"Median Weekly Earnings","2018","Wexford","Female","Euro","448.76"
"Median Weekly Earnings","2018","Wicklow","Both sexes","Euro","600.22"
"Median Weekly Earnings","2018","Wicklow","Male","Euro","687.62"
"Median Weekly Earnings","2018","Wicklow","Female","Euro","512.78"
"Median Weekly Earnings","2018","Clare","Both sexes","Euro","582.35"
"Median Weekly Earnings","2018","Clare","Male","Euro","656.94"
"Median Weekly Earnings","2018","Clare","Female","Euro","507.29"
"Median Weekly Earnings","2018","Cork","Both sexes","Euro","602"
"Median Weekly Earnings","2018","Cork","Male","Euro","696.87"
"Median Weekly Earnings","2018","Cork","Female","Euro","506.18"
"Median Weekly Earnings","2018","Kerry","Both sexes","Euro","505.7"
"Median Weekly Earnings","2018","Kerry","Male","Euro","574.87"
"Median Weekly Earnings","2018","Kerry","Female","Euro","439.93"
"Median Weekly Earnings","2018","Limerick","Both sexes","Euro","579.69"
"Median Weekly Earnings","2018","Limerick","Male","Euro","650.27"
"Median Weekly Earnings","2018","Limerick","Female","Euro","502.88"
"Median Weekly Earnings","2018","Tipperary","Both sexes","Euro","549.51"
"Median Weekly Earnings","2018","Tipperary","Male","Euro","609.65"
"Median Weekly Earnings","2018","Tipperary","Female","Euro","478.27"
"Median Weekly Earnings","2018","Waterford","Both sexes","Euro","546.8"
"Median Weekly Earnings","2018","Waterford","Male","Euro","625.23"
"Median Weekly Earnings","2018","Waterford","Female","Euro","463.89"
"Median Weekly Earnings","2018","Galway","Both sexes","Euro","585.41"
"Median Weekly Earnings","2018","Galway","Male","Euro","635.44"
"Median Weekly Earnings","2018","Galway","Female","Euro","531.45"
"Median Weekly Earnings","2018","Leitrim","Both sexes","Euro","539.21"
"Median Weekly Earnings","2018","Leitrim","Male","Euro","580.99"
"Median Weekly Earnings","2018","Leitrim","Female","Euro","495.46"
"Median Weekly Earnings","2018","Mayo","Both sexes","Euro","532.86"
"Median Weekly Earnings","2018","Mayo","Male","Euro","593.1"
"Median Weekly Earnings","2018","Mayo","Female","Euro","470.02"
"Median Weekly Earnings","2018","Roscommon","Both sexes","Euro","560.9"
"Median Weekly Earnings","2018","Roscommon","Male","Euro","612.62"
"Median Weekly Earnings","2018","Roscommon","Female","Euro","500.54"
"Median Weekly Earnings","2018","Sligo","Both sexes","Euro","559.44"
"Median Weekly Earnings","2018","Sligo","Male","Euro","595.74"
"Median Weekly Earnings","2018","Sligo","Female","Euro","518.48"
"Median Weekly Earnings","2018","Cavan","Both sexes","Euro","540"
"Median Weekly Earnings","2018","Cavan","Male","Euro","595.16"
"Median Weekly Earnings","2018","Cavan","Female","Euro","471.97"
"Median Weekly Earnings","2018","Donegal","Both sexes","Euro","473.12"
"Median Weekly Earnings","2018","Donegal","Male","Euro","513.46"
"Median Weekly Earnings","2018","Donegal","Female","Euro","423.07"
"Median Weekly Earnings","2018","Monaghan","Both sexes","Euro","507.78"
"Median Weekly Earnings","2018","Monaghan","Male","Euro","549.44"
"Median Weekly Earnings","2018","Monaghan","Female","Euro","452.29"
