Statistic,Quarter,Area of Residence,UNIT,VALUE
Births Registered,2008Q1,State,Number,19146
Births Registered,2008Q1,1,Number,2041
Births Registered,2008Q1,2,Number,1351
Births Registered,2008Q1,3,Number,670
Births Registered,2008Q1,4,Number,1257
Births Registered,2008Q1,5,Number,10935
Births Registered,2008Q1,6,Number,651
Births Registered,2008Q1,7,Number,308
Births Registered,2008Q1,8,Number,1040
Births Registered,2008Q1,9,Number,337
Births Registered,2008Q1,10,Number,392
Births Registered,2008Q1,11,Number,188
Births Registered,2008Q1,12,Number,474
Births Registered,2008Q1,13,Number,961
Births Registered,2008Q1,14,Number,271
Births Registered,2008Q1,15,Number,377
Births Registered,2008Q1,16,Number,617
Births Registered,2008Q1,17,Number,4952
Births Registered,2008Q1,18,Number,273
Births Registered,2008Q1,19,Number,206
Births Registered,2008Q1,20,Number,468
Births Registered,2008Q1,21,Number,368
Births Registered,2008Q1,22,Number,1689
Births Registered,2008Q1,23,Number,534
Births Registered,2008Q1,24,Number,226
Births Registered,2008Q1,25,Number,583
Births Registered,2008Q1,26,Number,306
Births Registered,2008Q1,27,Number,299
Births Registered,2008Q1,28,Number,
Births Registered,2008Q1,29,Number,2139
Births Registered,2008Q1,30,Number,269
Births Registered,2008Q1,31,Number,123
Births Registered,2008Q1,32,Number,506
Births Registered,2008Q1,33,Number,223
Births Registered,2008Q1,34,Number,251
Births Registered,2008Q1,35,Number,767
Births Registered,2008Q1,36,Number,1120
Births Registered,2008Q1,37,Number,296
Births Registered,2008Q1,38,Number,602
Births Registered,2008Q1,39,Number,222
Births Registered,2008Q2,1,Number,1888
Births Registered,2008Q2,2,1384
Births Registered,2008Q2,3,Number,707
Births Registered,2008Q2,4,Number,1125
Births Registered,2008Q2,5,Number,10504
Births Registered,2008Q2,6,Number,606
Births Registered,2008Q2,7,Number,263
Births Registered,2008Q2,8,Number,1009
Births Registered,2008Q2,9,Number,336
Births Registered,2008Q2,10,Number,350
Births Registered,2008Q2,11,Number,180
Births Registered,2008Q2,12,Number,429
Births Registered,2008Q2,13,Number,826
Births Registered,2008Q2,14,Number,359
Births Registered,2008Q2,15,Number,384
Births Registered,2008Q2,16,Number,658
Births Registered,2008Q2,17,Number,5061
Births Registered,2008Q2,18,Number,292
Births Registered,2008Q2,19,Number,214
Births Registered,2008Q2,20,Number,452
Births Registered,2008Q2,21,Number,466
Births Registered,2008Q2,22,Number,1673
Births Registered,2008Q2,23,Number,534
Births Registered,2008Q2,24,Number,229
Births Registered,2008Q2,25,Number,564
Births Registered,2008Q2,26,Number,325
Births Registered,2008Q2,27,Number,312
Births Registered,2008Q2,28,Number,
Births Registered,2008Q2,29,Number,2266
Births Registered,2008Q2,30,Number,271
Births Registered,2008Q2,31,Number,140
Births Registered,2008Q2,32,Number,524
Births Registered,2008Q2,33,Number,242
Births Registered,2008Q2,34,Number,269
Births Registered,2008Q2,35,Number,820
Births Registered,2008Q2,36,Number,1196
Births Registered,2008Q2,37,Number,350
Births Registered,2008Q2,38,Number,605
Births Registered,2008Q2,39,Number,241
Births Registered,2008Q3,1,Number,2037
Births Registered,2008Q3,2,Number,737
Births Registered,2008Q3,3,Number,1426
Births Registered,2008Q3,4,Number,1254
Births Registered,2008Q3,5,Number,11317
Births Registered,2008Q3,6,Number,661
Births Registered,2008Q3,7,Number,275
Births Registered,2008Q3,8,Number,1043
Births Registered,2008Q3,9,Number,399
Births Registered,2008Q3,10,Number,325
Births Registered,2008Q3,11,Number,204
Births Registered,2008Q3,12,Number,574
Births Registered,2008Q3,13,Number,978
Births Registered,2008Q3,14,Number,333
Births Registered,2008Q3,15,Number,401
Births Registered,2008Q3,16,Number,670
Births Registered,2008Q3,17,Number,5151
Births Registered,2008Q3,18,Number,273
Births Registered,2008Q3,19,Number,255
Births Registered,2008Q3,20,Number,469
Births Registered,2008Q3,21,Number,426
Births Registered,2008Q3,22,Number,1763
Births Registered,2008Q3,23,Number,515
Births Registered,2008Q3,24,Number,253
Births Registered,2008Q3,25,Number,543
Births Registered,2008Q3,26,Number,327
Births Registered,2008Q3,27,Number,327
Births Registered,2008Q3,28,Number,
Births Registered,2008Q3,29,Number,2083
Births Registered,2008Q3,30,Number,277
Births Registered,2008Q3,31,Number,114
Births Registered,2008Q3,32,Number,446
Births Registered,2008Q3,33,Number,244
Births Registered,2008Q3,34,Number,234
Births Registered,2008Q3,35,Number,768
Births Registered,2008Q3,36,Number,1099
Births Registered,2008Q3,37,Number,335
Births Registered,2008Q3,38,Number,553
Births Registered,2008Q3,39,Number,211
Births Registered,2008Q4,1,Number,1867
Births Registered,2008Q4,2,Number,1318
Births Registered,2008Q4,3,Number,622
Births Registered,2008Q4,4,Number,1107
Births Registered,2008Q4,5,Number,10186
Births Registered,2008Q4,6,Number,592
Births Registered,2008Q4,7,Number,256
Births Registered,2008Q4,8,Number,915
Births Registered,2008Q4,9,Number,333
Births Registered,2008Q4,10,Number,329
Births Registered,2008Q4,11,Number,166
Births Registered,2008Q4,12,Number,516
Births Registered,2008Q4,13,Number,916
Births Registered,2008Q4,14,Number,294
Births Registered,2008Q4,15,Number,369
Births Registered,2008Q4,16,Number,586
Births Registered,2008Q4,17,Number,4678
Births Registered,2008Q4,18,Number,220
Births Registered,2008Q4,19,Number,197
Births Registered,2008Q4,20,Number,426
Births Registered,2008Q4,21,Number,343
Births Registered,2008Q4,22,Number,1687
Births Registered,2008Q4,23,Number,488
Births Registered,2008Q4,24,Number,218
Births Registered,2008Q4,25,Number,507
Births Registered,2008Q4,26,Number,302
Births Registered,2008Q4,27,Number,290
Births Registered,2008Q4,28,Number,
Births Registered,2008Q4,29,Number,1990
Births Registered,2008Q4,30,Number,224
Births Registered,2008Q4,31,Number,131
Births Registered,2008Q4,32,Number,442
Births Registered,2008Q4,33,Number,216
Births Registered,2008Q4,34,Number,243
Births Registered,2008Q4,35,Number,734
Births Registered,2008Q4,36,Number,1026
Births Registered,2008Q4,37,Number,272
Births Registered,2008Q4,38,Number,516
Births Registered,2008Q4,39,Number,238
Births Registered,2008Q4,Outside the State,Number,
Births Registered,2009Q1,State,Number,19437
Births Registered,2009Q1,Dublin City,Number,1965
Births Registered,2009Q1,Fingal,Number,755
Births Registered,2009Q1,Dun Laoghaire Rathdown,Number,1413
Births Registered,2009Q1,South Dublin,Number,1160
Births Registered,2009Q1,Leinster,Number,10971
Births Registered,2009Q1,Wicklow,Number,675
Births Registered,2009Q1,Carlow,Number,247
Births Registered,2009Q1,Kildare,Number,1091
Births Registered,2009Q1,Kilkenny,Number,372
Births Registered,2009Q1,Laois,Number,352
Births Registered,2009Q1,Longford,Number,183
Births Registered,2009Q1,Louth,Number,520
Births Registered,2009Q1,Meath,Number,910
Births Registered,2009Q1,Offaly,Number,328
Births Registered,2009Q1,Westmeath,Number,347
Births Registered,2009Q1,Wexford,Number,653
Births Registered,2009Q1,Munster,Number,5234
Births Registered,2009Q1,Waterford County,Number,278
Births Registered,2009Q1,Waterford City,Number,245
Births Registered,2009Q1,Clare,Number,485
Births Registered,2009Q1,Cork City,Number,420
Births Registered,2009Q1,Cork County,Number,1744
Births Registered,2009Q1,Kerry,Number,552
Births Registered,2009Q1,Limerick City,Number,231
Births Registered,2009Q1,Limerick County,Number,597
Births Registered,2009Q1,North Tipperary,Number,354
Births Registered,2009Q1,South Tipperary,Number,328
Births Registered,2009Q1,Tipperary,Number,
Births Registered,2009Q1,Connacht,Number,2100
Births Registered,2009Q1,Galway City,Number,255
Births Registered,2009Q1,Leitrim,Number,123
Births Registered,2009Q1,Mayo,Number,502
Births Registered,2009Q1,Roscommon,Number,216
Births Registered,2009Q1,Sligo,Number,217
Births Registered,2009Q1,Galway County,Number,787
Births Registered,2009Q1,Ulster (pt),Number,1132
Births Registered,2009Q1,Cavan,Number,335
Births Registered,2009Q1,Donegal,Number,589
Births Registered,2009Q1,Monaghan,Number,208
Births Registered,2009Q1,Outside the State,Number,
Births Registered,2009Q2,State,Number,18844
Births Registered,2009Q2,Dublin City,Number,1932
Births Registered,2009Q2,Fingal,Number,1393
Births Registered,2009Q2,Dun Laoghaire Rathdown,Number,711
Births Registered,2009Q2,South Dublin,Number,1192
Births Registered,2009Q2,Leinster,Number,10578
Births Registered,2009Q2,Wicklow,Number,615
Births Registered,2009Q2,Carlow,Number,261
Births Registered,2009Q2,Kildare,Number,979
Births Registered,2009Q2,Kilkenny,Number,359
Births Registered,2009Q2,Laois,Number,343
Births Registered,2009Q2,Longford,Number,174
Births Registered,2009Q2,Louth,Number,447
Births Registered,2009Q2,Meath,Number,901
Births Registered,2009Q2,Offaly,Number,300
Births Registered,2009Q2,Westmeath,Number,350
Births Registered,2009Q2,Wexford,Number,621
Births Registered,2009Q2,Munster,Number,5108
Births Registered,2009Q2,Waterford County,Number,271
Births Registered,2009Q2,Waterford City,Number,180
Births Registered,2009Q2,Clare,Number,480
Births Registered,2009Q2,Cork City,Number,532
Births Registered,2009Q2,Cork County,Number,1641
Births Registered,2009Q2,Kerry,Number,577
Births Registered,2009Q2,Limerick City,Number,214
Births Registered,2009Q2,Limerick County,Number,588
Births Registered,2009Q2,North Tipperary,Number,286
Births Registered,2009Q2,South Tipperary,Number,339
Births Registered,2009Q2,Tipperary,Number,
Births Registered,2009Q2,Connacht,Number,2070
Births Registered,2009Q2,Galway City,Number,266
Births Registered,2009Q2,Leitrim,Number,113
Births Registered,2009Q2,Mayo,Number,462
Births Registered,2009Q2,Roscommon,Number,219
Births Registered,2009Q2,Sligo,Number,240
Births Registered,2009Q2,Galway County,Number,770
Births Registered,2009Q2,Ulster (pt),Number,1088
Births Registered,2009Q2,Cavan,Number,296
Births Registered,2009Q2,Donegal,Number,598
Births Registered,2009Q2,Monaghan,Number,194
Births Registered,2009Q2,Outside the State,Number,
Births Registered,2009Q3,State,Number,19289
Births Registered,2009Q3,Dublin City,Number,2065
Births Registered,2009Q3,Fingal,Number,1452
Births Registered,2009Q3,Dun Laoghaire Rathdown,Number,747
Births Registered,2009Q3,South Dublin,Number,1192
Births Registered,2009Q3,Leinster,Number,10998
Births Registered,2009Q3,Wicklow,Number,622
Births Registered,2009Q3,Carlow,Number,246
Births Registered,2009Q3,Kildare,Number,1005
Births Registered,2009Q3,Kilkenny,Number,351
Births Registered,2009Q3,Laois,Number,385
Births Registered,2009Q3,Longford,Number,193
Births Registered,2009Q3,Louth,Number,509
Births Registered,2009Q3,Meath,Number,896
Births Registered,2009Q3,Offaly,Number,335
Births Registered,2009Q3,Westmeath,Number,403
Births Registered,2009Q3,Wexford,Number,597
Births Registered,2009Q3,Munster,Number,5154
Births Registered,2009Q3,Waterford County,Number,259
Births Registered,2009Q3,Waterford City,Number,218
Births Registered,2009Q3,Clare,Number,509
Births Registered,2009Q3,Cork City,Number,415
Births Registered,2009Q3,Cork County,Number,1788
Births Registered,2009Q3,Kerry,Number,550
Births Registered,2009Q3,Limerick City,Number,243
Births Registered,2009Q3,Limerick County,Number,516
Births Registered,2009Q3,North Tipperary,Number,294
Births Registered,2009Q3,South Tipperary,Number,362
Births Registered,2009Q3,Tipperary,Number,
Births Registered,2009Q3,Connacht,Number,2080
Births Registered,2009Q3,Galway City,Number,289
Births Registered,2009Q3,Leitrim,Number,124
Births Registered,2009Q3,Mayo,Number,438
Births Registered,2009Q3,Roscommon,Number,248
Births Registered,2009Q3,Sligo,Number,254
Births Registered,2009Q3,Galway County,Number,727
Births Registered,2009Q3,Ulster (pt),Number,1057
Births Registered,2009Q3,Cavan,Number,287
Births Registered,2009Q3,Donegal,Number,585
Births Registered,2009Q3,Monaghan,Number,185
Births Registered,2009Q3,Outside the State,Number,
Births Registered,2009Q4,State,Number,17358
Births Registered,2009Q4,Dublin City,Number,1927
Births Registered,2009Q4,Fingal,Number,1212
Births Registered,2009Q4,Dun Laoghaire Rathdown,Number,640
Births Registered,2009Q4,South Dublin,Number,1025
Births Registered,2009Q4,Leinster,Number,9587
Births Registered,2009Q4,Wicklow,Number,551
Births Registered,2009Q4,Carlow,Number,226
Births Registered,2009Q4,Kildare,Number,913
Births Registered,2009Q4,Kilkenny,Number,326
Births Registered,2009Q4,Laois,Number,307
Births Registered,2009Q4,Longford,Number,159
Births Registered,2009Q4,Louth,Number,396
Births Registered,2009Q4,Meath,Number,785
Births Registered,2009Q4,Offaly,Number,281
Births Registered,2009Q4,Westmeath,Number,301
Births Registered,2009Q4,Wexford,Number,538
Births Registered,2009Q4,Munster,Number,4746
Births Registered,2009Q4,Waterford County,Number,237
Births Registered,2009Q4,Waterford City,Number,212
Births Registered,2009Q4,Clare,Number,435
Births Registered,2009Q4,Cork City,Number,374
Births Registered,2009Q4,Cork County,Number,1614
Births Registered,2009Q4,Kerry,Number,489
Births Registered,2009Q4,Limerick City,Number,190
Births Registered,2009Q4,Limerick County,Number,579
Births Registered,2009Q4,North Tipperary,Number,295
Births Registered,2009Q4,South Tipperary,Number,321
Births Registered,2009Q4,Tipperary,Number,
Births Registered,2009Q4,Connacht,Number,1967
Births Registered,2009Q4,Galway City,Number,255
Births Registered,2009Q4,Leitrim,Number,123
Births Registered,2009Q4,Mayo,Number,466
Births Registered,2009Q4,Roscommon,Number,233
Births Registered,2009Q4,Sligo,Number,239
Births Registered,2009Q4,Galway County,Number,651
Births Registered,2009Q4,Ulster (pt),Number,1058
Births Registered,2009Q4,Cavan,Number,303
Births Registered,2009Q4,Donegal,Number,543
Births Registered,2009Q4,Monaghan,Number,212
Births Registered,2009Q4,Outside the State,Number,
Births Registered,2010Q1,State,Number,19787
Births Registered,2010Q1,Dublin City,Number,2163
Births Registered,2010Q1,Fingal,Number,776
Births Registered,2010Q1,Dun Laoghaire Rathdown,Number,1505
Births Registered,2010Q1,South Dublin,Number,1265
Births Registered,2010Q1,Leinster,Number,11388
Births Registered,2010Q1,Wicklow,Number,637
Births Registered,2010Q1,Carlow,Number,273
Births Registered,2010Q1,Kildare,Number,1066
Births Registered,2010Q1,Kilkenny,Number,393
Births Registered,2010Q1,Laois,Number,384
Births Registered,2010Q1,Longford,Number,165
Births Registered,2010Q1,Louth,Number,492
Births Registered,2010Q1,Meath,Number,911
Births Registered,2010Q1,Offaly,Number,334
Births Registered,2010Q1,Westmeath,Number,422
Births Registered,2010Q1,Wexford,Number,602
Births Registered,2010Q1,Munster,Number,5063
Births Registered,2010Q1,Waterford County,Number,280
Births Registered,2010Q1,Waterford City,Number,204
Births Registered,2010Q1,Clare,Number,461
Births Registered,2010Q1,Cork City,Number,433
Births Registered,2010Q1,Cork County,Number,1747
Births Registered,2010Q1,Kerry,Number,513
Births Registered,2010Q1,Limerick City,Number,216
Births Registered,2010Q1,Limerick County,Number,580
Births Registered,2010Q1,North Tipperary,Number,325
Births Registered,2010Q1,South Tipperary,Number,304
Births Registered,2010Q1,Tipperary,Number,
Births Registered,2010Q1,Connacht,Number,2142
Births Registered,2010Q1,Galway City,Number,255
Births Registered,2010Q1,Leitrim,Number,130
Births Registered,2010Q1,Mayo,Number,477
Births Registered,2010Q1,Roscommon,Number,224
Births Registered,2010Q1,Sligo,Number,261
Births Registered,2010Q1,Galway County,Number,795
Births Registered,2010Q1,Ulster (pt),Number,1194
Births Registered,2010Q1,Cavan,Number,351
Births Registered,2010Q1,Donegal,Number,618
Births Registered,2010Q1,Monaghan,Number,225
Births Registered,2010Q1,Outside the State,Number,
Births Registered,2010Q2,State,Number,18844
Births Registered,2010Q2,Dublin City,Number,2057
Births Registered,2010Q2,Fingal,Number,1377
Births Registered,2010Q2,Dun Laoghaire Rathdown,Number,740
Births Registered,2010Q2,South Dublin,Number,1192
Births Registered,2010Q2,Leinster,Number,10852
Births Registered,2010Q2,Wicklow,Number,632
Births Registered,2010Q2,Carlow,Number,231
Births Registered,2010Q2,Kildare,Number,1010
Births Registered,2010Q2,Kilkenny,Number,343
Births Registered,2010Q2,Laois,Number,361
Births Registered,2010Q2,Longford,Number,173
Births Registered,2010Q2,Louth,Number,535
Births Registered,2010Q2,Meath,Number,906
Births Registered,2010Q2,Offaly,Number,305
Births Registered,2010Q2,Westmeath,Number,411
Births Registered,2010Q2,Wexford,Number,579
Births Registered,2010Q2,Munster,Number,4858
Births Registered,2010Q2,Waterford County,Number,251
Births Registered,2010Q2,Waterford City,Number,236
Births Registered,2010Q2,Clare,Number,408
Births Registered,2010Q2,Cork City,Number,395
Births Registered,2010Q2,Cork County,Number,1696
Births Registered,2010Q2,Kerry,Number,471
Births Registered,2010Q2,Limerick City,Number,179
Births Registered,2010Q2,Limerick County,Number,605
Births Registered,2010Q2,North Tipperary,Number,297
Births Registered,2010Q2,South Tipperary,Number,320
Births Registered,2010Q2,Tipperary,Number,
Births Registered,2010Q2,Connacht,Number,2024
Births Registered,2010Q2,Galway City,Number,287
Births Registered,2010Q2,Leitrim,Number,122
Births Registered,2010Q2,Mayo,Number,421
Births Registered,2010Q2,Roscommon,Number,243
Births Registered,2010Q2,Sligo,Number,236
Births Registered,2010Q2,Galway County,Number,715
Births Registered,2010Q2,Ulster (pt),Number,1110
Births Registered,2010Q2,Cavan,Number,285
Births Registered,2010Q2,Donegal,Number,567
Births Registered,2010Q2,Monaghan,Number,258
Births Registered,2010Q2,Outside the State,Number,
Births Registered,2010Q3,State,Number,19171
Births Registered,2010Q3,Dublin City,Number,2110
Births Registered,2010Q3,Fingal,Number,1360
Births Registered,2010Q3,Dun Laoghaire Rathdown,Number,695
Births Registered,2010Q3,South Dublin,Number,1219
Births Registered,2010Q3,Leinster,Number,11012
Births Registered,2010Q3,Wicklow,Number,666
Births Registered,2010Q3,Carlow,Number,249
Births Registered,2010Q3,Kildare,Number,964
Births Registered,2010Q3,Kilkenny,Number,369
Births Registered,2010Q3,Laois,Number,373
Births Registered,2010Q3,Longford,Number,186
Births Registered,2010Q3,Louth,Number,531
Births Registered,2010Q3,Meath,Number,996
Births Registered,2010Q3,Offaly,Number,330
Births Registered,2010Q3,Westmeath,Number,381
Births Registered,2010Q3,Wexford,Number,583
Births Registered,2010Q3,Munster,Number,4924
Births Registered,2010Q3,Waterford County,Number,243
Births Registered,2010Q3,Waterford City,Number,211
Births Registered,2010Q3,Clare,Number,417
Births Registered,2010Q3,Cork City,Number,393
Births Registered,2010Q3,Cork County,Number,1742
Births Registered,2010Q3,Kerry,Number,489
Births Registered,2010Q3,Limerick City,Number,173
Births Registered,2010Q3,Limerick County,Number,618
Births Registered,2010Q3,North Tipperary,Number,331
Births Registered,2010Q3,South Tipperary,Number,307
Births Registered,2010Q3,Tipperary,Number,
Births Registered,2010Q3,Connacht,Number,2134
Births Registered,2010Q3,Galway City,Number,312
Births Registered,2010Q3,Leitrim,Number,132
Births Registered,2010Q3,Mayo,Number,475
Births Registered,2010Q3,Roscommon,Number,198
Births Registered,2010Q3,Sligo,Number,266
Births Registered,2010Q3,Galway County,Number,751
Births Registered,2010Q3,Ulster (pt),Number,1101
Births Registered,2010Q3,Cavan,Number,332
Births Registered,2010Q3,Donegal,Number,537
Births Registered,2010Q3,Monaghan,Number,232
Births Registered,2010Q3,Outside the State,Number,
Births Registered,2010Q4,State,Number,17174
Births Registered,2010Q4,Dublin City,Number,1833
Births Registered,2010Q4,Fingal,Number,1190
Births Registered,2010Q4,Dun Laoghaire Rathdown,Number,612
Births Registered,2010Q4,South Dublin,Number,1091
Births Registered,2010Q4,Leinster,Number,9699
Births Registered,2010Q4,Wicklow,Number,581
Births Registered,2010Q4,Carlow,Number,250
Births Registered,2010Q4,Kildare,Number,954
Births Registered,2010Q4,Kilkenny,Number,366
Births Registered,2010Q4,Laois,Number,328
Births Registered,2010Q4,Longford,Number,142
Births Registered,2010Q4,Louth,Number,438
Births Registered,2010Q4,Meath,Number,777
Births Registered,2010Q4,Offaly,Number,292
Births Registered,2010Q4,Westmeath,Number,340
Births Registered,2010Q4,Wexford,Number,505
Births Registered,2010Q4,Munster,Number,4688
Births Registered,2010Q4,Waterford County,Number,238
Births Registered,2010Q4,Waterford City,Number,221
Births Registered,2010Q4,Clare,Number,383
Births Registered,2010Q4,Cork City,Number,423
Births Registered,2010Q4,Cork County,Number,1629
Births Registered,2010Q4,Kerry,Number,459
Births Registered,2010Q4,Limerick City,Number,184
Births Registered,2010Q4,Limerick County,Number,533
Births Registered,2010Q4,North Tipperary,Number,303
Births Registered,2010Q4,South Tipperary,Number,315
Births Registered,2010Q4,Tipperary,Number,
Births Registered,2010Q4,Connacht,Number,1881
Births Registered,2010Q4,Galway City,Number,296
Births Registered,2010Q4,Leitrim,Number,104
Births Registered,2010Q4,Mayo,Number,423
Births Registered,2010Q4,Roscommon,Number,214
Births Registered,2010Q4,Sligo,Number,185
Births Registered,2010Q4,Galway County,Number,659
Births Registered,2010Q4,Ulster (pt),Number,906
Births Registered,2010Q4,Cavan,Number,254
Births Registered,2010Q4,Donegal,Number,502
Births Registered,2010Q4,Monaghan,Number,150
Births Registered,2010Q4,Outside the State,Number,
Births Registered,2011Q1,State,Number,19950
Births Registered,2011Q1,Dublin City,Number,2172
Births Registered,2011Q1,Fingal,Number,1602
Births Registered,2011Q1,Dun Laoghaire Rathdown,Number,799
Births Registered,2011Q1,South Dublin,Number,1378
Births Registered,2011Q1,Leinster,Number,11609
Births Registered,2011Q1,Wicklow,Number,654
Births Registered,2011Q1,Carlow,Number,272
Births Registered,2011Q1,Kildare,Number,1088
Births Registered,2011Q1,Kilkenny,Number,371
Births Registered,2011Q1,Laois,Number,359
Births Registered,2011Q1,Longford,Number,169
Births Registered,2011Q1,Louth,Number,503
Births Registered,2011Q1,Meath,Number,925
Births Registered,2011Q1,Offaly,Number,302
Births Registered,2011Q1,Westmeath,Number,397
Births Registered,2011Q1,Wexford,Number,618
Births Registered,2011Q1,Munster,Number,5133
Births Registered,2011Q1,Waterford County,Number,275
Births Registered,2011Q1,Waterford City,Number,204
Births Registered,2011Q1,Clare,Number,455
Births Registered,2011Q1,Cork City,Number,444
Births Registered,2011Q1,Cork County,Number,1812
Births Registered,2011Q1,Kerry,Number,546
Births Registered,2011Q1,Limerick City,Number,231
Births Registered,2011Q1,Limerick County,Number,609
Births Registered,2011Q1,North Tipperary,Number,280
Births Registered,2011Q1,South Tipperary,Number,277
Births Registered,2011Q1,Tipperary,Number,
Births Registered,2011Q1,Connacht,Number,2070
Births Registered,2011Q1,Galway City,Number,282
Births Registered,2011Q1,Leitrim,Number,122
Births Registered,2011Q1,Mayo,Number,469
Births Registered,2011Q1,Roscommon,Number,253
Births Registered,2011Q1,Sligo,Number,236
Births Registered,2011Q1,Galway County,Number,708
Births Registered,2011Q1,Ulster (pt),Number,1138
Births Registered,2011Q1,Cavan,Number,312
Births Registered,2011Q1,Donegal,Number,589
Births Registered,2011Q1,Monaghan,Number,237
Births Registered,2011Q1,Outside the State,Number,
Births Registered,2011Q2,State,Number,18381
Births Registered,2011Q2,Dublin City,Number,1972
Births Registered,2011Q2,Fingal,Number,1329
Births Registered,2011Q2,Dun Laoghaire Rathdown,Number,714
Births Registered,2011Q2,South Dublin,Number,1170
Births Registered,2011Q2,Leinster,Number,10530
Births Registered,2011Q2,Wicklow,Number,572
Births Registered,2011Q2,Carlow,Number,263
Births Registered,2011Q2,Kildare,Number,1000
Births Registered,2011Q2,Kilkenny,Number,339
Births Registered,2011Q2,Laois,Number,351
Births Registered,2011Q2,Longford,Number,176
Births Registered,2011Q2,Louth,Number,484
Births Registered,2011Q2,Meath,Number,912
Births Registered,2011Q2,Offaly,Number,314
Births Registered,2011Q2,Westmeath,Number,354
Births Registered,2011Q2,Wexford,Number,580
Births Registered,2011Q2,Munster,Number,4657
Births Registered,2011Q2,Waterford County,Number,216
Births Registered,2011Q2,Waterford City,Number,210
Births Registered,2011Q2,Clare,Number,405
Births Registered,2011Q2,Cork City,Number,363
Births Registered,2011Q2,Cork County,Number,1677
Births Registered,2011Q2,Kerry,Number,493
Births Registered,2011Q2,Limerick City,Number,172
Births Registered,2011Q2,Limerick County,Number,532
Births Registered,2011Q2,North Tipperary,Number,271
Births Registered,2011Q2,South Tipperary,Number,318
Births Registered,2011Q2,Tipperary,Number,
Births Registered,2011Q2,Connacht,Number,2027
Births Registered,2011Q2,Galway City,Number,289
Births Registered,2011Q2,Leitrim,Number,123
Births Registered,2011Q2,Mayo,Number,466
Births Registered,2011Q2,Roscommon,Number,212
Births Registered,2011Q2,Sligo,Number,223
Births Registered,2011Q2,Galway County,Number,714
Births Registered,2011Q2,Ulster (pt),Number,1167
Births Registered,2011Q2,Cavan,Number,361
Births Registered,2011Q2,Donegal,Number,561
Births Registered,2011Q2,Monaghan,Number,245
Births Registered,2011Q2,Outside the State,Number,
Births Registered,2011Q3,State,Number,19222
Births Registered,2011Q3,Dublin City,Number,2039
Births Registered,2011Q3,Fingal,Number,1474
Births Registered,2011Q3,Dun Laoghaire Rathdown,Number,708
Births Registered,2011Q3,South Dublin,Number,1307
Births Registered,2011Q3,Leinster,Number,10949
Births Registered,2011Q3,Wicklow,Number,532
Births Registered,2011Q3,Carlow,Number,238
Births Registered,2011Q3,Kildare,Number,996
Births Registered,2011Q3,Kilkenny,Number,390
Births Registered,2011Q3,Laois,Number,333
Births Registered,2011Q3,Longford,Number,171
Births Registered,2011Q3,Louth,Number,499
Births Registered,2011Q3,Meath,Number,936
Births Registered,2011Q3,Offaly,Number,355
Births Registered,2011Q3,Westmeath,Number,348
Births Registered,2011Q3,Wexford,Number,623
Births Registered,2011Q3,Munster,Number,5101
Births Registered,2011Q3,Waterford County,Number,257
Births Registered,2011Q3,Waterford City,Number,228
Births Registered,2011Q3,Clare,Number,466
Births Registered,2011Q3,Cork City,Number,409
Births Registered,2011Q3,Cork County,Number,1725
Births Registered,2011Q3,Kerry,Number,502
Births Registered,2011Q3,Limerick City,Number,196
Births Registered,2011Q3,Limerick County,Number,614
Births Registered,2011Q3,North Tipperary,Number,352
Births Registered,2011Q3,South Tipperary,Number,352
Births Registered,2011Q3,Tipperary,Number,
Births Registered,2011Q3,Connacht,Number,2026
Births Registered,2011Q3,Galway City,Number,270
Births Registered,2011Q3,Leitrim,Number,106
Births Registered,2011Q3,Mayo,Number,426
Births Registered,2011Q3,Roscommon,Number,223
Births Registered,2011Q3,Sligo,Number,242
Births Registered,2011Q3,Galway County,Number,759
Births Registered,2011Q3,Ulster (pt),Number,1146
Births Registered,2011Q3,Cavan,Number,348
Births Registered,2011Q3,Donegal,Number,554
Births Registered,2011Q3,Monaghan,Number,244
Births Registered,2011Q3,Outside the State,Number,
Births Registered,2011Q4,State,Number,17097
Births Registered,2011Q4,Dublin City,Number,1948
Births Registered,2011Q4,Fingal,Number,1286
Births Registered,2011Q4,Dun Laoghaire Rathdown,Number,667
Births Registered,2011Q4,South Dublin,Number,1238
Births Registered,2011Q4,Leinster,Number,9873
Births Registered,2011Q4,Wicklow,Number,583
Births Registered,2011Q4,Carlow,Number,220
Births Registered,2011Q4,Kildare,Number,864
Births Registered,2011Q4,Kilkenny,Number,325
Births Registered,2011Q4,Laois,Number,302
Births Registered,2011Q4,Longford,Number,133
Births Registered,2011Q4,Louth,Number,417
Births Registered,2011Q4,Meath,Number,788
Births Registered,2011Q4,Offaly,Number,269
Births Registered,2011Q4,Westmeath,Number,326
Births Registered,2011Q4,Wexford,Number,507
Births Registered,2011Q4,Munster,Number,4388
Births Registered,2011Q4,Waterford County,Number,222
Births Registered,2011Q4,Waterford City,Number,181
Births Registered,2011Q4,Clare,Number,422
Births Registered,2011Q4,Cork City,Number,344
Births Registered,2011Q4,Cork County,Number,1521
Births Registered,2011Q4,Kerry,Number,450
Births Registered,2011Q4,Limerick City,Number,179
Births Registered,2011Q4,Limerick County,Number,538
Births Registered,2011Q4,North Tipperary,Number,275
Births Registered,2011Q4,South Tipperary,Number,256
Births Registered,2011Q4,Tipperary,Number,
Births Registered,2011Q4,Connacht,Number,1860
Births Registered,2011Q4,Galway City,Number,244
Births Registered,2011Q4,Leitrim,Number,116
Births Registered,2011Q4,Mayo,Number,415
Births Registered,2011Q4,Roscommon,Number,194
Births Registered,2011Q4,Sligo,Number,219
Births Registered,2011Q4,Galway County,Number,672
Births Registered,2011Q4,Ulster (pt),Number,976
Births Registered,2011Q4,Cavan,Number,265
Births Registered,2011Q4,Donegal,Number,508
Births Registered,2011Q4,Monaghan,Number,203
Births Registered,2011Q4,Outside the State,Number,
Births Registered,2012Q1,State,Number,19313
Births Registered,2012Q1,Dublin City,Number,2175
Births Registered,2012Q1,Fingal,Number,1468
Births Registered,2012Q1,Dun Laoghaire Rathdown,Number,746
Births Registered,2012Q1,South Dublin,Number,1380
Births Registered,2012Q1,Leinster,Number,11222
Births Registered,2012Q1,Wicklow,Number,625
Births Registered,2012Q1,Carlow,Number,270
Births Registered,2012Q1,Kildare,Number,997
Births Registered,2012Q1,Kilkenny,Number,387
Births Registered,2012Q1,Laois,Number,344
Births Registered,2012Q1,Longford,Number,177
Births Registered,2012Q1,Louth,Number,498
Births Registered,2012Q1,Meath,Number,876
Births Registered,2012Q1,Offaly,Number,315
Births Registered,2012Q1,Westmeath,Number,375
Births Registered,2012Q1,Wexford,Number,589
Births Registered,2012Q1,Munster,Number,4997
Births Registered,2012Q1,Waterford County,Number,246
Births Registered,2012Q1,Waterford City,Number,223
Births Registered,2012Q1,Clare,Number,430
Births Registered,2012Q1,Cork City,Number,397
Births Registered,2012Q1,Cork County,Number,1776
Births Registered,2012Q1,Kerry,Number,493
Births Registered,2012Q1,Limerick City,Number,203
Births Registered,2012Q1,Limerick County,Number,595
Births Registered,2012Q1,North Tipperary,Number,297
Births Registered,2012Q1,South Tipperary,Number,337
Births Registered,2012Q1,Tipperary,Number,
Births Registered,2012Q1,Connacht,Number,2104
Births Registered,2012Q1,Galway City,Number,349
Births Registered,2012Q1,Leitrim,Number,114
Births Registered,2012Q1,Mayo,Number,454
Births Registered,2012Q1,Roscommon,Number,234
Births Registered,2012Q1,Sligo,Number,264
Births Registered,2012Q1,Galway County,Number,689
Births Registered,2012Q1,Ulster (pt),Number,990
Births Registered,2012Q1,Cavan,Number,271
Births Registered,2012Q1,Donegal,Number,534
Births Registered,2012Q1,Monaghan,Number,185
Births Registered,2012Q1,Outside the State,Number,
Births Registered,2012Q2,State,Number,17958
Births Registered,2012Q2,Dublin City,Number,2016
Births Registered,2012Q2,Fingal,Number,1351
Births Registered,2012Q2,Dun Laoghaire Rathdown,Number,723
Births Registered,2012Q2,South Dublin,Number,1246
Births Registered,2012Q2,Leinster,Number,10290
Births Registered,2012Q2,Wicklow,Number,578
Births Registered,2012Q2,Carlow,Number,212
Births Registered,2012Q2,Kildare,Number,885
Births Registered,2012Q2,Kilkenny,Number,361
Births Registered,2012Q2,Laois,Number,340
Births Registered,2012Q2,Longford,Number,165
Births Registered,2012Q2,Louth,Number,411
Births Registered,2012Q2,Meath,Number,768
Births Registered,2012Q2,Offaly,Number,302
Births Registered,2012Q2,Westmeath,Number,371
Births Registered,2012Q2,Wexford,Number,561
Births Registered,2012Q2,Munster,Number,4561
Births Registered,2012Q2,Waterford County,Number,206
Births Registered,2012Q2,Waterford City,Number,213
Births Registered,2012Q2,Clare,Number,447
Births Registered,2012Q2,Cork City,Number,331
Births Registered,2012Q2,Cork County,Number,1627
Births Registered,2012Q2,Kerry,Number,512
Births Registered,2012Q2,Limerick City,Number,209
Births Registered,2012Q2,Limerick County,Number,478
Births Registered,2012Q2,North Tipperary,Number,249
Births Registered,2012Q2,South Tipperary,Number,289
Births Registered,2012Q2,Tipperary,Number,
Births Registered,2012Q2,Connacht,Number,2019
Births Registered,2012Q2,Galway City,Number,288
Births Registered,2012Q2,Leitrim,Number,113
Births Registered,2012Q2,Mayo,Number,473
Births Registered,2012Q2,Roscommon,Number,225
Births Registered,2012Q2,Sligo,Number,257
Births Registered,2012Q2,Galway County,Number,663
Births Registered,2012Q2,Ulster (pt),Number,1088
Births Registered,2012Q2,Cavan,Number,318
Births Registered,2012Q2,Donegal,Number,520
Births Registered,2012Q2,Monaghan,Number,250
Births Registered,2012Q2,Outside the State,Number,
Births Registered,2012Q3,State,Number,17985
Births Registered,2012Q3,Dublin City,Number,1880
Births Registered,2012Q3,Fingal,Number,1459
Births Registered,2012Q3,Dun Laoghaire Rathdown,Number,695
Births Registered,2012Q3,South Dublin,Number,1289
Births Registered,2012Q3,Leinster,Number,10311
Births Registered,2012Q3,Wicklow,Number,553
Births Registered,2012Q3,Carlow,Number,248
Births Registered,2012Q3,Kildare,Number,911
Births Registered,2012Q3,Kilkenny,Number,358
Births Registered,2012Q3,Laois,Number,309
Births Registered,2012Q3,Longford,Number,159
Births Registered,2012Q3,Louth,Number,500
Births Registered,2012Q3,Meath,Number,790
Births Registered,2012Q3,Offaly,Number,268
Births Registered,2012Q3,Westmeath,Number,355
Births Registered,2012Q3,Wexford,Number,537
Births Registered,2012Q3,Munster,Number,4625
Births Registered,2012Q3,Waterford County,Number,236
Births Registered,2012Q3,Waterford City,Number,186
Births Registered,2012Q3,Clare,Number,430
Births Registered,2012Q3,Cork City,Number,377
Births Registered,2012Q3,Cork County,Number,1689
Births Registered,2012Q3,Kerry,Number,466
Births Registered,2012Q3,Limerick City,Number,200
Births Registered,2012Q3,Limerick County,Number,521
Births Registered,2012Q3,North Tipperary,Number,252
Births Registered,2012Q3,South Tipperary,Number,268
Births Registered,2012Q3,Tipperary,Number,
Births Registered,2012Q3,Connacht,Number,2017
Births Registered,2012Q3,Galway City,Number,289
Births Registered,2012Q3,Leitrim,Number,129
Births Registered,2012Q3,Mayo,Number,421
Births Registered,2012Q3,Roscommon,Number,216
Births Registered,2012Q3,Sligo,Number,239
Births Registered,2012Q3,Galway County,Number,723
Births Registered,2012Q3,Ulster (pt),Number,1032
Births Registered,2012Q3,Cavan,Number,290
Births Registered,2012Q3,Donegal,Number,546
Births Registered,2012Q3,Monaghan,Number,196
Births Registered,2012Q3,Outside the State,Number,
Births Registered,2012Q4,State,Number,16969
Births Registered,2012Q4,Dublin City,Number,1954
Births Registered,2012Q4,Fingal,Number,1291
Births Registered,2012Q4,Dun Laoghaire Rathdown,Number,663
Births Registered,2012Q4,South Dublin,Number,1122
Births Registered,2012Q4,Leinster,Number,9765
Births Registered,2012Q4,Wicklow,Number,489
Births Registered,2012Q4,Carlow,Number,218
Births Registered,2012Q4,Kildare,Number,896
Births Registered,2012Q4,Kilkenny,Number,299
Births Registered,2012Q4,Laois,Number,299
Births Registered,2012Q4,Longford,Number,144
Births Registered,2012Q4,Louth,Number,482
Births Registered,2012Q4,Meath,Number,772
Births Registered,2012Q4,Offaly,Number,285
Births Registered,2012Q4,Westmeath,Number,297
Births Registered,2012Q4,Wexford,Number,554
Births Registered,2012Q4,Munster,Number,4312
Births Registered,2012Q4,Waterford County,Number,184
Births Registered,2012Q4,Waterford City,Number,193
Births Registered,2012Q4,Clare,Number,383
Births Registered,2012Q4,Cork City,Number,326
Births Registered,2012Q4,Cork County,Number,1541
Births Registered,2012Q4,Kerry,Number,459
Births Registered,2012Q4,Limerick City,Number,197
Births Registered,2012Q4,Limerick County,Number,481
Births Registered,2012Q4,North Tipperary,Number,262
Births Registered,2012Q4,South Tipperary,Number,286
Births Registered,2012Q4,Tipperary,Number,
Births Registered,2012Q4,Connacht,Number,1899
Births Registered,2012Q4,Galway City,Number,277
Births Registered,2012Q4,Leitrim,Number,91
Births Registered,2012Q4,Mayo,Number,436
Births Registered,2012Q4,Roscommon,Number,194
Births Registered,2012Q4,Sligo,Number,222
Births Registered,2012Q4,Galway County,Number,679
Births Registered,2012Q4,Ulster (pt),Number,993
Births Registered,2012Q4,Cavan,Number,282
Births Registered,2012Q4,Donegal,Number,504
Births Registered,2012Q4,Monaghan,Number,207
Births Registered,2012Q4,Outside the State,Number,
Births Registered,2013Q1,State,Number,17563
Births Registered,2013Q1,Dublin City,Number,1890
Births Registered,2013Q1,Fingal,Number,1351
Births Registered,2013Q1,Dun Laoghaire Rathdown,Number,685
Births Registered,2013Q1,South Dublin,Number,1095
Births Registered,2013Q1,Leinster,Number,10009
Births Registered,2013Q1,Wicklow,Number,541
Births Registered,2013Q1,Carlow,Number,216
Births Registered,2013Q1,Kildare,Number,909
Births Registered,2013Q1,Kilkenny,Number,324
Births Registered,2013Q1,Laois,Number,308
Births Registered,2013Q1,Longford,Number,185
Births Registered,2013Q1,Louth,Number,480
Births Registered,2013Q1,Meath,Number,830
Births Registered,2013Q1,Offaly,Number,269
Births Registered,2013Q1,Westmeath,Number,368
Births Registered,2013Q1,Wexford,Number,558
Births Registered,2013Q1,Munster,Number,4616
Births Registered,2013Q1,Waterford County,Number,218
Births Registered,2013Q1,Waterford City,Number,188
Births Registered,2013Q1,Clare,Number,412
Births Registered,2013Q1,Cork City,Number,415
Births Registered,2013Q1,Cork County,Number,1657
Births Registered,2013Q1,Kerry,Number,453
Births Registered,2013Q1,Limerick City,Number,227
Births Registered,2013Q1,Limerick County,Number,458
Births Registered,2013Q1,North Tipperary,Number,265
Births Registered,2013Q1,South Tipperary,Number,323
Births Registered,2013Q1,Tipperary,Number,
Births Registered,2013Q1,Connacht,Number,1983
Births Registered,2013Q1,Galway City,Number,292
Births Registered,2013Q1,Leitrim,Number,114
Births Registered,2013Q1,Mayo,Number,486
Births Registered,2013Q1,Roscommon,Number,232
Births Registered,2013Q1,Sligo,Number,234
Births Registered,2013Q1,Galway County,Number,625
Births Registered,2013Q1,Ulster (pt),Number,955
Births Registered,2013Q1,Cavan,Number,286
Births Registered,2013Q1,Donegal,Number,460
Births Registered,2013Q1,Monaghan,Number,209
Births Registered,2013Q1,Outside the State,Number,
Births Registered,2013Q2,State,Number,17107
Births Registered,2013Q2,Dublin City,Number,1913
Births Registered,2013Q2,Fingal,Number,1313
Births Registered,2013Q2,Dun Laoghaire Rathdown,Number,717
Births Registered,2013Q2,South Dublin,Number,1204
Births Registered,2013Q2,Leinster,Number,9826
Births Registered,2013Q2,Wicklow,Number,508
Births Registered,2013Q2,Carlow,Number,215
Births Registered,2013Q2,Kildare,Number,840
Births Registered,2013Q2,Kilkenny,Number,318
Births Registered,2013Q2,Laois,Number,300
Births Registered,2013Q2,Longford,Number,129
Births Registered,2013Q2,Louth,Number,487
Births Registered,2013Q2,Meath,Number,819
Births Registered,2013Q2,Offaly,Number,238
Births Registered,2013Q2,Westmeath,Number,326
Births Registered,2013Q2,Wexford,Number,499
Births Registered,2013Q2,Munster,Number,4468
Births Registered,2013Q2,Waterford County,Number,221
Births Registered,2013Q2,Waterford City,Number,217
Births Registered,2013Q2,Clare,Number,397
Births Registered,2013Q2,Cork City,Number,388
Births Registered,2013Q2,Cork County,Number,1533
Births Registered,2013Q2,Kerry,Number,449
Births Registered,2013Q2,Limerick City,Number,217
Births Registered,2013Q2,Limerick County,Number,498
Births Registered,2013Q2,North Tipperary,Number,235
Births Registered,2013Q2,South Tipperary,Number,313
Births Registered,2013Q2,Tipperary,Number,
Births Registered,2013Q2,Connacht,Number,1855
Births Registered,2013Q2,Galway City,Number,293
Births Registered,2013Q2,Leitrim,Number,128
Births Registered,2013Q2,Mayo,Number,394
Births Registered,2013Q2,Roscommon,Number,203
Births Registered,2013Q2,Sligo,Number,237
Births Registered,2013Q2,Galway County,Number,600
Births Registered,2013Q2,Ulster (pt),Number,958
Births Registered,2013Q2,Cavan,Number,265
Births Registered,2013Q2,Donegal,Number,491
Births Registered,2013Q2,Monaghan,Number,202
Births Registered,2013Q2,Outside the State,Number,
Births Registered,2013Q3,State,Number,17729
Births Registered,2013Q3,Dublin City,Number,2135
Births Registered,2013Q3,Fingal,Number,1394
Births Registered,2013Q3,Dun Laoghaire Rathdown,Number,672
Births Registered,2013Q3,South Dublin,Number,1178
Births Registered,2013Q3,Leinster,Number,10309
Births Registered,2013Q3,Wicklow,Number,547
Births Registered,2013Q3,Carlow,Number,227
Births Registered,2013Q3,Kildare,Number,852
Births Registered,2013Q3,Kilkenny,Number,348
Births Registered,2013Q3,Laois,Number,305
Births Registered,2013Q3,Longford,Number,158
Births Registered,2013Q3,Louth,Number,514
Births Registered,2013Q3,Meath,Number,813
Births Registered,2013Q3,Offaly,Number,292
Births Registered,2013Q3,Westmeath,Number,336
Births Registered,2013Q3,Wexford,Number,538
Births Registered,2013Q3,Munster,Number,4523
Births Registered,2013Q3,Waterford County,Number,250
Births Registered,2013Q3,Waterford City,Number,197
Births Registered,2013Q3,Clare,Number,355
Births Registered,2013Q3,Cork City,Number,343
Births Registered,2013Q3,Cork County,Number,1626
Births Registered,2013Q3,Kerry,Number,435
Births Registered,2013Q3,Limerick City,Number,197
Births Registered,2013Q3,Limerick County,Number,499
Births Registered,2013Q3,North Tipperary,Number,287
Births Registered,2013Q3,South Tipperary,Number,334
Births Registered,2013Q3,Tipperary,Number,
Births Registered,2013Q3,Connacht,Number,1938
Births Registered,2013Q3,Galway City,Number,301
Births Registered,2013Q3,Leitrim,Number,115
Births Registered,2013Q3,Mayo,Number,428
Births Registered,2013Q3,Roscommon,Number,214
Births Registered,2013Q3,Sligo,Number,205
Births Registered,2013Q3,Galway County,Number,675
Births Registered,2013Q3,Ulster (pt),Number,959
Births Registered,2013Q3,Cavan,Number,245
Births Registered,2013Q3,Donegal,Number,511
Births Registered,2013Q3,Monaghan,Number,203
Births Registered,2013Q3,Outside the State,Number,
Births Registered,2013Q4,State,Number,16531
Births Registered,2013Q4,Dublin City,Number,1831
Births Registered,2013Q4,Fingal,Number,1294
Births Registered,2013Q4,Dun Laoghaire Rathdown,Number,659
Births Registered,2013Q4,South Dublin,Number,1023
Births Registered,2013Q4,Leinster,Number,9414
Births Registered,2013Q4,Wicklow,Number,506
Births Registered,2013Q4,Carlow,Number,194
Births Registered,2013Q4,Kildare,Number,816
Births Registered,2013Q4,Kilkenny,Number,338
Births Registered,2013Q4,Laois,Number,287
Births Registered,2013Q4,Longford,Number,140
Births Registered,2013Q4,Louth,Number,487
Births Registered,2013Q4,Meath,Number,740
Births Registered,2013Q4,Offaly,Number,276
Births Registered,2013Q4,Westmeath,Number,332
Births Registered,2013Q4,Wexford,Number,491
Births Registered,2013Q4,Munster,Number,4265
Births Registered,2013Q4,Waterford County,Number,230
Births Registered,2013Q4,Waterford City,Number,186
Births Registered,2013Q4,Clare,Number,327
Births Registered,2013Q4,Cork City,Number,370
Births Registered,2013Q4,Cork County,Number,1519
Births Registered,2013Q4,Kerry,Number,465
Births Registered,2013Q4,Limerick City,Number,206
Births Registered,2013Q4,Limerick County,Number,432
Births Registered,2013Q4,North Tipperary,Number,245
Births Registered,2013Q4,South Tipperary,Number,285
Births Registered,2013Q4,Tipperary,Number,
Births Registered,2013Q4,Connacht,Number,1875
Births Registered,2013Q4,Galway City,Number,278
Births Registered,2013Q4,Leitrim,Number,101
Births Registered,2013Q4,Mayo,Number,405
Births Registered,2013Q4,Roscommon,Number,226
Births Registered,2013Q4,Sligo,Number,199
Births Registered,2013Q4,Galway County,Number,666
Births Registered,2013Q4,Ulster (pt),Number,977
Births Registered,2013Q4,Cavan,Number,304
Births Registered,2013Q4,Donegal,Number,457
Births Registered,2013Q4,Monaghan,Number,216
Births Registered,2013Q4,Outside the State,Number,
Births Registered,2014Q1,State,Number,17699
Births Registered,2014Q1,Dublin City,Number,2063
Births Registered,2014Q1,Fingal,Number,1377
Births Registered,2014Q1,Dun Laoghaire Rathdown,Number,811
Births Registered,2014Q1,South Dublin,Number,1220
Births Registered,2014Q1,Leinster,Number,10354
Births Registered,2014Q1,Wicklow,Number,517
Births Registered,2014Q1,Carlow,Number,218
Births Registered,2014Q1,Kildare,Number,919
Births Registered,2014Q1,Kilkenny,Number,332
Births Registered,2014Q1,Laois,Number,307
Births Registered,2014Q1,Longford,Number,154
Births Registered,2014Q1,Louth,Number,449
Births Registered,2014Q1,Meath,Number,831
Births Registered,2014Q1,Offaly,Number,285
Births Registered,2014Q1,Westmeath,Number,370
Births Registered,2014Q1,Wexford,Number,501
Births Registered,2014Q1,Munster,Number,4351
Births Registered,2014Q1,Waterford County,Number,236
Births Registered,2014Q1,Waterford City,Number,179
Births Registered,2014Q1,Clare,Number,396
Births Registered,2014Q1,Cork City,Number,402
Births Registered,2014Q1,Cork County,Number,1503
Births Registered,2014Q1,Kerry,Number,423
Births Registered,2014Q1,Limerick City,Number,230
Births Registered,2014Q1,Limerick County,Number,493
Births Registered,2014Q1,North Tipperary,Number,215
Births Registered,2014Q1,South Tipperary,Number,274
Births Registered,2014Q1,Tipperary,Number,
Births Registered,2014Q1,Connacht,Number,1944
Births Registered,2014Q1,Galway City,Number,311
Births Registered,2014Q1,Leitrim,Number,108
Births Registered,2014Q1,Mayo,Number,418
Births Registered,2014Q1,Roscommon,Number,199
Births Registered,2014Q1,Sligo,Number,230
Births Registered,2014Q1,Galway County,Number,678
Births Registered,2014Q1,Ulster (pt),Number,1050
Births Registered,2014Q1,Cavan,Number,298
Births Registered,2014Q1,Donegal,Number,529
Births Registered,2014Q1,Monaghan,Number,223
Births Registered,2014Q1,Outside the State,Number,
Births Registered,2014Q2,State,Number,16502
Births Registered,2014Q2,Dublin City,Number,1846
Births Registered,2014Q2,Fingal,Number,1233
Births Registered,2014Q2,Dun Laoghaire Rathdown,Number,671
Births Registered,2014Q2,South Dublin,Number,1136
Births Registered,2014Q2,Leinster,Number,9564
Births Registered,2014Q2,Wicklow,Number,508
Births Registered,2014Q2,Carlow,Number,222
Births Registered,2014Q2,Kildare,Number,830
Births Registered,2014Q2,Kilkenny,Number,301
Births Registered,2014Q2,Laois,Number,288
Births Registered,2014Q2,Longford,Number,155
Births Registered,2014Q2,Louth,Number,442
Births Registered,2014Q2,Meath,Number,749
Births Registered,2014Q2,Offaly,Number,293
Births Registered,2014Q2,Westmeath,Number,327
Births Registered,2014Q2,Wexford,Number,563
Births Registered,2014Q2,Munster,Number,4246
Births Registered,2014Q2,Waterford County,Number,181
Births Registered,2014Q2,Waterford City,Number,217
Births Registered,2014Q2,Clare,Number,349
Births Registered,2014Q2,Cork City,Number,364
Births Registered,2014Q2,Cork County,Number,1500
Births Registered,2014Q2,Kerry,Number,397
Births Registered,2014Q2,Limerick City,Number,225
Births Registered,2014Q2,Limerick County,Number,487
Births Registered,2014Q2,North Tipperary,Number,241
Births Registered,2014Q2,South Tipperary,Number,285
Births Registered,2014Q2,Tipperary,Number,
Births Registered,2014Q2,Connacht,Number,1788
Births Registered,2014Q2,Galway City,Number,295
Births Registered,2014Q2,Leitrim,Number,102
Births Registered,2014Q2,Mayo,Number,399
Births Registered,2014Q2,Roscommon,Number,192
Births Registered,2014Q2,Sligo,Number,217
Births Registered,2014Q2,Galway County,Number,583
Births Registered,2014Q2,Ulster (pt),Number,904
Births Registered,2014Q2,Cavan,Number,244
Births Registered,2014Q2,Donegal,Number,461
Births Registered,2014Q2,Monaghan,Number,199
Births Registered,2014Q2,Outside the State,Number,
Births Registered,2014Q3,State,Number,17197
Births Registered,2014Q3,Dublin City,Number,2042
Births Registered,2014Q3,Fingal,Number,1335
Births Registered,2014Q3,Dun Laoghaire Rathdown,Number,725
Births Registered,2014Q3,South Dublin,Number,1173
Births Registered,2014Q3,Leinster,Number,10102
Births Registered,2014Q3,Wicklow,Number,497
Births Registered,2014Q3,Carlow,Number,266
Births Registered,2014Q3,Kildare,Number,895
Births Registered,2014Q3,Kilkenny,Number,374
Births Registered,2014Q3,Laois,Number,292
Births Registered,2014Q3,Longford,Number,146
Births Registered,2014Q3,Louth,Number,457
Births Registered,2014Q3,Meath,Number,763
Births Registered,2014Q3,Offaly,Number,278
Births Registered,2014Q3,Westmeath,Number,349
Births Registered,2014Q3,Wexford,Number,510
Births Registered,2014Q3,Munster,Number,4502
Births Registered,2014Q3,Waterford County,Number,241
Births Registered,2014Q3,Waterford City,Number,215
Births Registered,2014Q3,Clare,Number,377
Births Registered,2014Q3,Cork City,Number,403
Births Registered,2014Q3,Cork County,Number,1566
Births Registered,2014Q3,Kerry,Number,479
Births Registered,2014Q3,Limerick City,Number,204
Births Registered,2014Q3,Limerick County,Number,438
Births Registered,2014Q3,North Tipperary,Number,256
Births Registered,2014Q3,South Tipperary,Number,323
Births Registered,2014Q3,Tipperary,Number,
Births Registered,2014Q3,Connacht,Number,1707
Births Registered,2014Q3,Galway City,Number,255
Births Registered,2014Q3,Leitrim,Number,102
Births Registered,2014Q3,Mayo,Number,417
Births Registered,2014Q3,Roscommon,Number,201
Births Registered,2014Q3,Sligo,Number,180
Births Registered,2014Q3,Galway County,Number,552
Births Registered,2014Q3,Ulster (pt),Number,886
Births Registered,2014Q3,Cavan,Number,222
Births Registered,2014Q3,Donegal,Number,460
Births Registered,2014Q3,Monaghan,Number,204
Births Registered,2014Q3,Outside the State,Number,
Births Registered,2014Q4,State,Number,16064
Births Registered,2014Q4,Dublin City,Number,1877
Births Registered,2014Q4,Fingal,Number,1156
Births Registered,2014Q4,Dun Laoghaire Rathdown,Number,638
Births Registered,2014Q4,South Dublin,Number,1074
Births Registered,2014Q4,Leinster,Number,9246
Births Registered,2014Q4,Wicklow,Number,493
Births Registered,2014Q4,Carlow,Number,218
Births Registered,2014Q4,Kildare,Number,792
Births Registered,2014Q4,Kilkenny,Number,318
Births Registered,2014Q4,Laois,Number,312
Births Registered,2014Q4,Longford,Number,148
Births Registered,2014Q4,Louth,Number,448
Births Registered,2014Q4,Meath,Number,691
Births Registered,2014Q4,Offaly,Number,257
Births Registered,2014Q4,Westmeath,Number,313
Births Registered,2014Q4,Wexford,Number,511
Births Registered,2014Q4,Munster,Number,4095
Births Registered,2014Q4,Waterford County,Number,203
Births Registered,2014Q4,Waterford City,Number,163
Births Registered,2014Q4,Clare,Number,351
Births Registered,2014Q4,Cork City,Number,348
Births Registered,2014Q4,Cork County,Number,1440
Births Registered,2014Q4,Kerry,Number,400
Births Registered,2014Q4,Limerick City,Number,220
Births Registered,2014Q4,Limerick County,Number,447
Births Registered,2014Q4,North Tipperary,Number,237
Births Registered,2014Q4,South Tipperary,Number,286
Births Registered,2014Q4,Tipperary,Number,
Births Registered,2014Q4,Connacht,Number,1813
Births Registered,2014Q4,Galway City,Number,261
Births Registered,2014Q4,Leitrim,Number,91
Births Registered,2014Q4,Mayo,Number,422
Births Registered,2014Q4,Roscommon,Number,203
Births Registered,2014Q4,Sligo,Number,199
Births Registered,2014Q4,Galway County,Number,637
Births Registered,2014Q4,Ulster (pt),Number,910
Births Registered,2014Q4,Cavan,Number,281
Births Registered,2014Q4,Donegal,Number,433
Births Registered,2014Q4,Monaghan,Number,196
Births Registered,2014Q4,Outside the State,Number,
Births Registered,2015Q1,State,Number,17183
Births Registered,2015Q1,Dublin City,Number,1982
Births Registered,2015Q1,Fingal,Number,1309
Births Registered,2015Q1,Dun Laoghaire Rathdown,Number,777
Births Registered,2015Q1,South Dublin,Number,1111
Births Registered,2015Q1,Leinster,Number,9912
Births Registered,2015Q1,Wicklow,Number,553
Births Registered,2015Q1,Carlow,Number,254
Births Registered,2015Q1,Kildare,Number,924
Births Registered,2015Q1,Kilkenny,Number,314
Births Registered,2015Q1,Laois,Number,303
Births Registered,2015Q1,Longford,Number,128
Births Registered,2015Q1,Louth,Number,440
Births Registered,2015Q1,Meath,Number,713
Births Registered,2015Q1,Offaly,Number,285
Births Registered,2015Q1,Westmeath,Number,328
Births Registered,2015Q1,Wexford,Number,491
Births Registered,2015Q1,Munster,Number,4488
Births Registered,2015Q1,Waterford County,Number,229
Births Registered,2015Q1,Waterford City,Number,176
Births Registered,2015Q1,Clare,Number,421
Births Registered,2015Q1,Cork City,Number,353
Births Registered,2015Q1,Cork County,Number,1622
Births Registered,2015Q1,Kerry,Number,444
Births Registered,2015Q1,Limerick City,Number,215
Births Registered,2015Q1,Limerick County,Number,491
Births Registered,2015Q1,North Tipperary,Number,270
Births Registered,2015Q1,South Tipperary,Number,267
Births Registered,2015Q1,Tipperary,Number,
Births Registered,2015Q1,Connacht,Number,1853
Births Registered,2015Q1,Galway City,Number,260
Births Registered,2015Q1,Leitrim,Number,113
Births Registered,2015Q1,Mayo,Number,386
Births Registered,2015Q1,Roscommon,Number,210
Births Registered,2015Q1,Sligo,Number,220
Births Registered,2015Q1,Galway County,Number,664
Births Registered,2015Q1,Ulster (pt),Number,930
Births Registered,2015Q1,Cavan,Number,264
Births Registered,2015Q1,Donegal,Number,481
Births Registered,2015Q1,Monaghan,Number,185
Births Registered,2015Q1,Outside the State,Number,
Births Registered,2015Q2,State,Number,16064
Births Registered,2015Q2,Dublin City,Number,1819
Births Registered,2015Q2,Fingal,Number,1208
Births Registered,2015Q2,Dun Laoghaire Rathdown,Number,700
Births Registered,2015Q2,South Dublin,Number,1077
Births Registered,2015Q2,Leinster,Number,9265
Births Registered,2015Q2,Wicklow,Number,508
Births Registered,2015Q2,Carlow,Number,210
Births Registered,2015Q2,Kildare,Number,807
Births Registered,2015Q2,Kilkenny,Number,266
Births Registered,2015Q2,Laois,Number,271
Births Registered,2015Q2,Longford,Number,149
Births Registered,2015Q2,Louth,Number,494
Births Registered,2015Q2,Meath,Number,737
Births Registered,2015Q2,Offaly,Number,237
Births Registered,2015Q2,Westmeath,Number,305
Births Registered,2015Q2,Wexford,Number,477
Births Registered,2015Q2,Munster,Number,4139
Births Registered,2015Q2,Waterford County,Number,199
Births Registered,2015Q2,Waterford City,Number,168
Births Registered,2015Q2,Clare,Number,336
Births Registered,2015Q2,Cork City,Number,366
Births Registered,2015Q2,Cork County,Number,1449
Births Registered,2015Q2,Kerry,Number,419
Births Registered,2015Q2,Limerick City,Number,199
Births Registered,2015Q2,Limerick County,Number,459
Births Registered,2015Q2,North Tipperary,Number,270
Births Registered,2015Q2,South Tipperary,Number,274
Births Registered,2015Q2,Tipperary,Number,
Births Registered,2015Q2,Connacht,Number,1754
Births Registered,2015Q2,Galway City,Number,232
Births Registered,2015Q2,Leitrim,Number,83
Births Registered,2015Q2,Mayo,Number,374
Births Registered,2015Q2,Roscommon,Number,174
Births Registered,2015Q2,Sligo,Number,225
Births Registered,2015Q2,Galway County,Number,666
Births Registered,2015Q2,Ulster (pt),Number,906
Births Registered,2015Q2,Cavan,Number,239
Births Registered,2015Q2,Donegal,Number,458
Births Registered,2015Q2,Monaghan,Number,209
Births Registered,2015Q2,Outside the State,Number,
Births Registered,2015Q3,State,Number,17128
Births Registered,2015Q3,Dublin City,Number,1972
Births Registered,2015Q3,Fingal,Number,1269
Births Registered,2015Q3,Dun Laoghaire Rathdown,Number,697
Births Registered,2015Q3,South Dublin,Number,1086
Births Registered,2015Q3,Leinster,Number,9714
Births Registered,2015Q3,Wicklow,Number,499
Births Registered,2015Q3,Carlow,Number,190
Births Registered,2015Q3,Kildare,Number,886
Births Registered,2015Q3,Kilkenny,Number,327
Births Registered,2015Q3,Laois,Number,306
Births Registered,2015Q3,Longford,Number,151
Births Registered,2015Q3,Louth,Number,470
Births Registered,2015Q3,Meath,Number,696
Births Registered,2015Q3,Offaly,Number,283
Births Registered,2015Q3,Westmeath,Number,346
Births Registered,2015Q3,Wexford,Number,536
Births Registered,2015Q3,Munster,Number,4539
Births Registered,2015Q3,Waterford County,Number,249
Births Registered,2015Q3,Waterford City,Number,170
Births Registered,2015Q3,Clare,Number,408
Births Registered,2015Q3,Cork City,Number,406
Births Registered,2015Q3,Cork County,Number,1585
Births Registered,2015Q3,Kerry,Number,444
Births Registered,2015Q3,Limerick City,Number,222
Births Registered,2015Q3,Limerick County,Number,490
Births Registered,2015Q3,North Tipperary,Number,254
Births Registered,2015Q3,South Tipperary,Number,311
Births Registered,2015Q3,Tipperary,Number,
Births Registered,2015Q3,Connacht,Number,1882
Births Registered,2015Q3,Galway City,Number,277
Births Registered,2015Q3,Leitrim,Number,127
Births Registered,2015Q3,Mayo,Number,432
Births Registered,2015Q3,Roscommon,Number,201
Births Registered,2015Q3,Sligo,Number,195
Births Registered,2015Q3,Galway County,Number,650
Births Registered,2015Q3,Ulster (pt),Number,993
Births Registered,2015Q3,Cavan,Number,293
Births Registered,2015Q3,Donegal,Number,500
Births Registered,2015Q3,Monaghan,Number,200
Births Registered,2015Q3,Outside the State,Number,
Births Registered,2015Q4,State,Number,15534
Births Registered,2015Q4,Dublin City,Number,1784
Births Registered,2015Q4,Fingal,Number,1163
Births Registered,2015Q4,Dun Laoghaire Rathdown,Number,645
Births Registered,2015Q4,South Dublin,Number,1089
Births Registered,2015Q4,Leinster,Number,8931
Births Registered,2015Q4,Wicklow,Number,471
Births Registered,2015Q4,Carlow,Number,174
Births Registered,2015Q4,Kildare,Number,774
Births Registered,2015Q4,Kilkenny,Number,312
Births Registered,2015Q4,Laois,Number,302
Births Registered,2015Q4,Longford,Number,135
Births Registered,2015Q4,Louth,Number,415
Births Registered,2015Q4,Meath,Number,653
Births Registered,2015Q4,Offaly,Number,235
Births Registered,2015Q4,Westmeath,Number,295
Births Registered,2015Q4,Wexford,Number,484
Births Registered,2015Q4,Munster,Number,4049
Births Registered,2015Q4,Waterford County,Number,219
Births Registered,2015Q4,Waterford City,Number,155
Births Registered,2015Q4,Clare,Number,377
Births Registered,2015Q4,Cork City,Number,369
Births Registered,2015Q4,Cork County,Number,1401
Births Registered,2015Q4,Kerry,Number,397
Births Registered,2015Q4,Limerick City,Number,183
Births Registered,2015Q4,Limerick County,Number,451
Births Registered,2015Q4,North Tipperary,Number,236
Births Registered,2015Q4,South Tipperary,Number,261
Births Registered,2015Q4,Tipperary,Number,
Births Registered,2015Q4,Connacht,Number,1600
Births Registered,2015Q4,Galway City,Number,244
Births Registered,2015Q4,Leitrim,Number,91
Births Registered,2015Q4,Mayo,Number,385
Births Registered,2015Q4,Roscommon,Number,166
Births Registered,2015Q4,Sligo,Number,168
Births Registered,2015Q4,Galway County,Number,546
Births Registered,2015Q4,Ulster (pt),Number,954
Births Registered,2015Q4,Cavan,Number,274
Births Registered,2015Q4,Donegal,Number,457
Births Registered,2015Q4,Monaghan,Number,223
Births Registered,2015Q4,Outside the State,Number,
Births Registered,2016Q1,State,Number,16480
Births Registered,2016Q1,Dublin City,Number,1933
Births Registered,2016Q1,Fingal,Number,1253
Births Registered,2016Q1,Dun Laoghaire Rathdown,Number,742
Births Registered,2016Q1,South Dublin,Number,1039
Births Registered,2016Q1,Leinster,Number,9467
Births Registered,2016Q1,Wicklow,Number,489
Births Registered,2016Q1,Carlow,Number,193
Births Registered,2016Q1,Kildare,Number,866
Births Registered,2016Q1,Kilkenny,Number,300
Births Registered,2016Q1,Laois,Number,264
Births Registered,2016Q1,Longford,Number,156
Births Registered,2016Q1,Louth,Number,454
Births Registered,2016Q1,Meath,Number,722
Births Registered,2016Q1,Offaly,Number,250
Births Registered,2016Q1,Westmeath,Number,311
Births Registered,2016Q1,Wexford,Number,495
Births Registered,2016Q1,Munster,Number,4211
Births Registered,2016Q1,Waterford County,Number,229
Births Registered,2016Q1,Waterford City,Number,139
Births Registered,2016Q1,Clare,Number,398
Births Registered,2016Q1,Cork City,Number,356
Births Registered,2016Q1,Cork County,Number,1454
Births Registered,2016Q1,Kerry,Number,422
Births Registered,2016Q1,Limerick City,Number,197
Births Registered,2016Q1,Limerick County,Number,483
Births Registered,2016Q1,North Tipperary,Number,231
Births Registered,2016Q1,South Tipperary,Number,302
Births Registered,2016Q1,Tipperary,Number,
Births Registered,2016Q1,Connacht,Number,1843
Births Registered,2016Q1,Galway City,Number,271
Births Registered,2016Q1,Leitrim,Number,108
Births Registered,2016Q1,Mayo,Number,421
Births Registered,2016Q1,Roscommon,Number,223
Births Registered,2016Q1,Sligo,Number,194
Births Registered,2016Q1,Galway County,Number,626
Births Registered,2016Q1,Ulster (pt),Number,959
Births Registered,2016Q1,Cavan,Number,252
Births Registered,2016Q1,Donegal,Number,496
Births Registered,2016Q1,Monaghan,Number,211
Births Registered,2016Q1,Outside the State,Number,
Births Registered,2016Q2,State,Number,16219
Births Registered,2016Q2,Dublin City,Number,1780
Births Registered,2016Q2,Fingal,Number,1271
Births Registered,2016Q2,Dun Laoghaire Rathdown,Number,709
Births Registered,2016Q2,South Dublin,Number,1095
Births Registered,2016Q2,Leinster,Number,9317
Births Registered,2016Q2,Wicklow,Number,477
Births Registered,2016Q2,Carlow,Number,197
Births Registered,2016Q2,Kildare,Number,848
Births Registered,2016Q2,Kilkenny,Number,289
Births Registered,2016Q2,Laois,Number,249
Births Registered,2016Q2,Longford,Number,152
Births Registered,2016Q2,Louth,Number,458
Births Registered,2016Q2,Meath,Number,712
Births Registered,2016Q2,Offaly,Number,245
Births Registered,2016Q2,Westmeath,Number,344
Births Registered,2016Q2,Wexford,Number,491
Births Registered,2016Q2,Munster,Number,4218
Births Registered,2016Q2,Waterford County,Number,260
Births Registered,2016Q2,Waterford City,Number,145
Births Registered,2016Q2,Clare,Number,371
Births Registered,2016Q2,Cork City,Number,372
Births Registered,2016Q2,Cork County,Number,1430
Births Registered,2016Q2,Kerry,Number,433
Births Registered,2016Q2,Limerick City,Number,231
Births Registered,2016Q2,Limerick County,Number,457
Births Registered,2016Q2,North Tipperary,Number,246
Births Registered,2016Q2,South Tipperary,Number,273
Births Registered,2016Q2,Tipperary,Number,
Births Registered,2016Q2,Connacht,Number,1739
Births Registered,2016Q2,Galway City,Number,262
Births Registered,2016Q2,Leitrim,Number,105
Births Registered,2016Q2,Mayo,Number,394
Births Registered,2016Q2,Roscommon,Number,174
Births Registered,2016Q2,Sligo,Number,178
Births Registered,2016Q2,Galway County,Number,626
Births Registered,2016Q2,Ulster (pt),Number,945
Births Registered,2016Q2,Cavan,Number,264
Births Registered,2016Q2,Donegal,Number,464
Births Registered,2016Q2,Monaghan,Number,217
Births Registered,2016Q2,Outside the State,Number,
Births Registered,2016Q3,State,Number,16458
Births Registered,2016Q3,Dublin City,Number,1884
Births Registered,2016Q3,Fingal,Number,1245
Births Registered,2016Q3,Dun Laoghaire Rathdown,Number,693
Births Registered,2016Q3,South Dublin,Number,1125
Births Registered,2016Q3,Leinster,Number,9542
Births Registered,2016Q3,Wicklow,Number,489
Births Registered,2016Q3,Carlow,Number,207
Births Registered,2016Q3,Kildare,Number,805
Births Registered,2016Q3,Kilkenny,Number,303
Births Registered,2016Q3,Laois,Number,303
Births Registered,2016Q3,Longford,Number,158
Births Registered,2016Q3,Louth,Number,481
Births Registered,2016Q3,Meath,Number,750
Births Registered,2016Q3,Offaly,Number,270
Births Registered,2016Q3,Westmeath,Number,325
Births Registered,2016Q3,Wexford,Number,504
Births Registered,2016Q3,Munster,Number,4154
Births Registered,2016Q3,Waterford County,Number,228
Births Registered,2016Q3,Waterford City,Number,149
Births Registered,2016Q3,Clare,Number,377
Births Registered,2016Q3,Cork City,Number,346
Births Registered,2016Q3,Cork County,Number,1423
Births Registered,2016Q3,Kerry,Number,474
Births Registered,2016Q3,Limerick City,Number,204
Births Registered,2016Q3,Limerick County,Number,432
Births Registered,2016Q3,North Tipperary,Number,214
Births Registered,2016Q3,South Tipperary,Number,307
Births Registered,2016Q3,Tipperary,Number,
Births Registered,2016Q3,Connacht,Number,1804
Births Registered,2016Q3,Galway City,Number,278
Births Registered,2016Q3,Leitrim,Number,98
Births Registered,2016Q3,Mayo,Number,404
Births Registered,2016Q3,Roscommon,Number,193
Births Registered,2016Q3,Sligo,Number,209
Births Registered,2016Q3,Galway County,Number,622
Births Registered,2016Q3,Ulster (pt),Number,958
Births Registered,2016Q3,Cavan,Number,277
Births Registered,2016Q3,Donegal,Number,500
Births Registered,2016Q3,Monaghan,Number,181
Births Registered,2016Q3,Outside the State,Number,
Births Registered,2016Q4,State,Number,14740
Births Registered,2016Q4,Dublin City,Number,1676
Births Registered,2016Q4,Fingal,Number,1141
Births Registered,2016Q4,Dun Laoghaire Rathdown,Number,645
Births Registered,2016Q4,South Dublin,Number,977
Births Registered,2016Q4,Leinster,Number,8428
Births Registered,2016Q4,Wicklow,Number,443
Births Registered,2016Q4,Carlow,Number,146
Births Registered,2016Q4,Kildare,Number,733
Births Registered,2016Q4,Kilkenny,Number,276
Births Registered,2016Q4,Laois,Number,293
Births Registered,2016Q4,Longford,Number,127
Births Registered,2016Q4,Louth,Number,419
Births Registered,2016Q4,Meath,Number,621
Births Registered,2016Q4,Offaly,Number,243
Births Registered,2016Q4,Westmeath,Number,277
Births Registered,2016Q4,Wexford,Number,411
Births Registered,2016Q4,Munster,Number,3822
Births Registered,2016Q4,Waterford County,Number,228
Births Registered,2016Q4,Waterford City,Number,120
Births Registered,2016Q4,Clare,Number,334
Births Registered,2016Q4,Cork City,Number,308
Births Registered,2016Q4,Cork County,Number,1342
Births Registered,2016Q4,Kerry,Number,406
Births Registered,2016Q4,Limerick City,Number,200
Births Registered,2016Q4,Limerick County,Number,410
Births Registered,2016Q4,North Tipperary,Number,214
Births Registered,2016Q4,South Tipperary,Number,260
Births Registered,2016Q4,Tipperary,Number,
Births Registered,2016Q4,Connacht,Number,1628
Births Registered,2016Q4,Galway City,Number,250
Births Registered,2016Q4,Leitrim,Number,107
Births Registered,2016Q4,Mayo,Number,348
Births Registered,2016Q4,Roscommon,Number,174
Births Registered,2016Q4,Sligo,Number,193
Births Registered,2016Q4,Galway County,Number,556
Births Registered,2016Q4,Ulster (pt),Number,862
Births Registered,2016Q4,Cavan,Number,235
Births Registered,2016Q4,Donegal,Number,440
Births Registered,2016Q4,Monaghan,Number,187
Births Registered,2016Q4,Outside the State,Number,
Births Registered,2017Q1,State,Number,16487
Births Registered,2017Q1,Dublin City,Number,1832
Births Registered,2017Q1,Fingal,Number,1269
Births Registered,2017Q1,Dun Laoghaire Rathdown,Number,725
Births Registered,2017Q1,South Dublin,Number,1028
Births Registered,2017Q1,Leinster,Number,9503
Births Registered,2017Q1,Wicklow,Number,527
Births Registered,2017Q1,Carlow,Number,210
Births Registered,2017Q1,Kildare,Number,825
Births Registered,2017Q1,Kilkenny,Number,343
Births Registered,2017Q1,Laois,Number,303
Births Registered,2017Q1,Longford,Number,157
Births Registered,2017Q1,Louth,Number,457
Births Registered,2017Q1,Meath,Number,709
Births Registered,2017Q1,Offaly,Number,263
Births Registered,2017Q1,Westmeath,Number,321
Births Registered,2017Q1,Wexford,Number,534
Births Registered,2017Q1,Munster,Number,4185
Births Registered,2017Q1,Waterford County,Number,219
Births Registered,2017Q1,Waterford City,Number,160
Births Registered,2017Q1,Clare,Number,376
Births Registered,2017Q1,Cork City,Number,357
Births Registered,2017Q1,Cork County,Number,1412
Births Registered,2017Q1,Kerry,Number,457
Births Registered,2017Q1,Limerick City,Number,189
Births Registered,2017Q1,Limerick County,Number,500
Births Registered,2017Q1,North Tipperary,Number,232
Births Registered,2017Q1,South Tipperary,Number,283
Births Registered,2017Q1,Tipperary,Number,
Births Registered,2017Q1,Connacht,Number,1825
Births Registered,2017Q1,Galway City,Number,265
Births Registered,2017Q1,Leitrim,Number,109
Births Registered,2017Q1,Mayo,Number,444
Births Registered,2017Q1,Roscommon,Number,214
Births Registered,2017Q1,Sligo,Number,200
Births Registered,2017Q1,Galway County,Number,593
Births Registered,2017Q1,Ulster (pt),Number,974
Births Registered,2017Q1,Cavan,Number,268
Births Registered,2017Q1,Donegal,Number,517
Births Registered,2017Q1,Monaghan,Number,189
Births Registered,2017Q1,Outside the State,Number,
Births Registered,2017Q2,State,Number,15222
Births Registered,2017Q2,Dublin City,Number,1704
Births Registered,2017Q2,Fingal,Number,1183
Births Registered,2017Q2,Dun Laoghaire Rathdown,Number,662
Births Registered,2017Q2,South Dublin,Number,954
Births Registered,2017Q2,Leinster,Number,8676
Births Registered,2017Q2,Wicklow,Number,464
Births Registered,2017Q2,Carlow,Number,173
Births Registered,2017Q2,Kildare,Number,798
Births Registered,2017Q2,Kilkenny,Number,272
Births Registered,2017Q2,Laois,Number,298
Births Registered,2017Q2,Longford,Number,124
Births Registered,2017Q2,Louth,Number,389
Births Registered,2017Q2,Meath,Number,644
Births Registered,2017Q2,Offaly,Number,256
Births Registered,2017Q2,Westmeath,Number,299
Births Registered,2017Q2,Wexford,Number,456
Births Registered,2017Q2,Munster,Number,3998
Births Registered,2017Q2,Waterford County,Number,224
Births Registered,2017Q2,Waterford City,Number,129
Births Registered,2017Q2,Clare,Number,347
Births Registered,2017Q2,Cork City,Number,327
Births Registered,2017Q2,Cork County,Number,1433
Births Registered,2017Q2,Kerry,Number,378
Births Registered,2017Q2,Limerick City,Number,195
Births Registered,2017Q2,Limerick County,Number,447
Births Registered,2017Q2,North Tipperary,Number,226
Births Registered,2017Q2,South Tipperary,Number,292
Births Registered,2017Q2,Tipperary,Number,
Births Registered,2017Q2,Connacht,Number,1632
Births Registered,2017Q2,Galway City,Number,207
Births Registered,2017Q2,Leitrim,Number,93
Births Registered,2017Q2,Mayo,Number,341
Births Registered,2017Q2,Roscommon,Number,190
Births Registered,2017Q2,Sligo,Number,183
Births Registered,2017Q2,Galway County,Number,618
Births Registered,2017Q2,Ulster (pt),Number,916
Births Registered,2017Q2,Cavan,Number,303
Births Registered,2017Q2,Donegal,Number,426
Births Registered,2017Q2,Monaghan,Number,187
Births Registered,2017Q2,Outside the State,Number,
Births Registered,2017Q3,State,Number,15635
Births Registered,2017Q3,Dublin City,Number,1810
Births Registered,2017Q3,Fingal,Number,1098
Births Registered,2017Q3,Dun Laoghaire Rathdown,Number,626
Births Registered,2017Q3,South Dublin,Number,1042
Births Registered,2017Q3,Leinster,Number,8961
Births Registered,2017Q3,Wicklow,Number,463
Births Registered,2017Q3,Carlow,Number,188
Births Registered,2017Q3,Kildare,Number,819
Births Registered,2017Q3,Kilkenny,Number,279
Births Registered,2017Q3,Laois,Number,300
Births Registered,2017Q3,Longford,Number,144
Births Registered,2017Q3,Louth,Number,453
Births Registered,2017Q3,Meath,Number,746
Births Registered,2017Q3,Offaly,Number,243
Births Registered,2017Q3,Westmeath,Number,282
Births Registered,2017Q3,Wexford,Number,468
Births Registered,2017Q3,Munster,Number,4060
Births Registered,2017Q3,Waterford County,Number,214
Births Registered,2017Q3,Waterford City,Number,132
Births Registered,2017Q3,Clare,Number,366
Births Registered,2017Q3,Cork City,Number,371
Births Registered,2017Q3,Cork County,Number,1351
Births Registered,2017Q3,Kerry,Number,422
Births Registered,2017Q3,Limerick City,Number,217
Births Registered,2017Q3,Limerick County,Number,431
Births Registered,2017Q3,North Tipperary,Number,259
Births Registered,2017Q3,South Tipperary,Number,297
Births Registered,2017Q3,Tipperary,Number,
Births Registered,2017Q3,Connacht,Number,1677
Births Registered,2017Q3,Galway City,Number,219
Births Registered,2017Q3,Leitrim,Number,85
Births Registered,2017Q3,Mayo,Number,385
Births Registered,2017Q3,Roscommon,Number,180
Births Registered,2017Q3,Sligo,Number,176
Births Registered,2017Q3,Galway County,Number,632
Births Registered,2017Q3,Ulster (pt),Number,937
Births Registered,2017Q3,Cavan,Number,253
Births Registered,2017Q3,Donegal,Number,475
Births Registered,2017Q3,Monaghan,Number,209
Births Registered,2017Q3,Outside the State,Number,
Births Registered,2017Q4,State,Number,14709
Births Registered,2017Q4,Dublin City,Number,1699
Births Registered,2017Q4,Fingal,Number,1002
Births Registered,2017Q4,Dun Laoghaire Rathdown,Number,584
Births Registered,2017Q4,South Dublin,Number,976
Births Registered,2017Q4,Leinster,Number,8466
Births Registered,2017Q4,Wicklow,Number,437
Births Registered,2017Q4,Carlow,Number,195
Births Registered,2017Q4,Kildare,Number,740
Births Registered,2017Q4,Kilkenny,Number,289
Births Registered,2017Q4,Laois,Number,306
Births Registered,2017Q4,Longford,Number,133
Births Registered,2017Q4,Louth,Number,439
Births Registered,2017Q4,Meath,Number,653
Births Registered,2017Q4,Offaly,Number,228
Births Registered,2017Q4,Westmeath,Number,332
Births Registered,2017Q4,Wexford,Number,453
Births Registered,2017Q4,Munster,Number,3671
Births Registered,2017Q4,Waterford County,Number,182
Births Registered,2017Q4,Waterford City,Number,146
Births Registered,2017Q4,Clare,Number,341
Births Registered,2017Q4,Cork City,Number,317
Births Registered,2017Q4,Cork County,Number,1276
Births Registered,2017Q4,Kerry,Number,369
Births Registered,2017Q4,Limerick City,Number,182
Births Registered,2017Q4,Limerick County,Number,412
Births Registered,2017Q4,North Tipperary,Number,223
Births Registered,2017Q4,South Tipperary,Number,223
Births Registered,2017Q4,Tipperary,Number,
Births Registered,2017Q4,Connacht,Number,1653
Births Registered,2017Q4,Galway City,Number,225
Births Registered,2017Q4,Leitrim,Number,121
Births Registered,2017Q4,Mayo,Number,372
Births Registered,2017Q4,Roscommon,Number,188
Births Registered,2017Q4,Sligo,Number,178
Births Registered,2017Q4,Galway County,Number,569
Births Registered,2017Q4,Ulster (pt),Number,919
Births Registered,2017Q4,Cavan,Number,257
Births Registered,2017Q4,Donegal,Number,446
Births Registered,2017Q4,Monaghan,Number,216
Births Registered,2017Q4,Outside the State,Number,
Births Registered,2018Q1,State,Number,15659
Births Registered,2018Q1,Dublin City,Number,1805
Births Registered,2018Q1,Fingal,Number,1165
Births Registered,2018Q1,Dun Laoghaire Rathdown,Number,705
Births Registered,2018Q1,South Dublin,Number,959
Births Registered,2018Q1,Leinster,Number,8929
Births Registered,2018Q1,Wicklow,Number,410
Births Registered,2018Q1,Carlow,Number,210
Births Registered,2018Q1,Kildare,Number,787
Births Registered,2018Q1,Kilkenny,Number,304
Births Registered,2018Q1,Laois,Number,257
Births Registered,2018Q1,Longford,Number,156
Births Registered,2018Q1,Louth,Number,457
Births Registered,2018Q1,Meath,Number,638
Births Registered,2018Q1,Offaly,Number,248
Births Registered,2018Q1,Westmeath,Number,342
Births Registered,2018Q1,Wexford,Number,486
Births Registered,2018Q1,Munster,Number,4083
Births Registered,2018Q1,Waterford County,Number,208
Births Registered,2018Q1,Waterford City,Number,130
Births Registered,2018Q1,Clare,Number,326
Births Registered,2018Q1,Cork City,Number,333
Births Registered,2018Q1,Cork County,Number,1442
Births Registered,2018Q1,Kerry,Number,419
Births Registered,2018Q1,Limerick City,Number,188
Births Registered,2018Q1,Limerick County,Number,489
Births Registered,2018Q1,North Tipperary,Number,
Births Registered,2018Q1,South Tipperary,Number,
Births Registered,2018Q1,Tipperary,Number,548
Births Registered,2018Q1,Connacht,Number,1747
Births Registered,2018Q1,Galway City,Number,248
Births Registered,2018Q1,Leitrim,Number,113
Births Registered,2018Q1,Mayo,Number,383
Births Registered,2018Q1,Roscommon,Number,188
Births Registered,2018Q1,Sligo,Number,199
Births Registered,2018Q1,Galway County,Number,616
Births Registered,2018Q1,Ulster (pt),Number,885
Births Registered,2018Q1,Cavan,Number,237
Births Registered,2018Q1,Donegal,Number,459
Births Registered,2018Q1,Monaghan,Number,189
Births Registered,2018Q1,Outside the State,Number,15
Births Registered,2018Q2,State,Number,15419
Births Registered,2018Q2,Dublin City,Number,1889
Births Registered,2018Q2,Fingal,Number,1164
Births Registered,2018Q2,Dun Laoghaire Rathdown,Number,650
Births Registered,2018Q2,South Dublin,Number,1039
Births Registered,2018Q2,Leinster,Number,8925
Births Registered,2018Q2,Wicklow,Number,454
Births Registered,2018Q2,Carlow,Number,202
Births Registered,2018Q2,Kildare,Number,788
Births Registered,2018Q2,Kilkenny,Number,268
Births Registered,2018Q2,Laois,Number,287
Births Registered,2018Q2,Longford,Number,129
Births Registered,2018Q2,Louth,Number,394
Births Registered,2018Q2,Meath,Number,628
Births Registered,2018Q2,Offaly,Number,283
Births Registered,2018Q2,Westmeath,Number,319
Births Registered,2018Q2,Wexford,Number,431
Births Registered,2018Q2,Munster,Number,3941
Births Registered,2018Q2,Waterford County,Number,213
Births Registered,2018Q2,Waterford City,Number,165
Births Registered,2018Q2,Clare,Number,349
Births Registered,2018Q2,Cork City,Number,324
Births Registered,2018Q2,Cork County,Number,1353
Births Registered,2018Q2,Kerry,Number,379
Births Registered,2018Q2,Limerick City,Number,227
Births Registered,2018Q2,Limerick County,Number,461
Births Registered,2018Q2,North Tipperary,Number,
Births Registered,2018Q2,South Tipperary,Number,
Births Registered,2018Q2,Tipperary,Number,470
Births Registered,2018Q2,Connacht,Number,1630
Births Registered,2018Q2,Galway City,Number,256
Births Registered,2018Q2,Leitrim,Number,88
Births Registered,2018Q2,Mayo,Number,358
Births Registered,2018Q2,Roscommon,Number,174
Births Registered,2018Q2,Sligo,Number,174
Births Registered,2018Q2,Galway County,Number,580
Births Registered,2018Q2,Ulster (pt),Number,914
Births Registered,2018Q2,Cavan,Number,248
Births Registered,2018Q2,Donegal,Number,476
Births Registered,2018Q2,Monaghan,Number,190
Births Registered,2018Q2,Outside the State,Number,9
Births Registered,2018Q3,State,Number,15428
Births Registered,2018Q3,Dublin City,Number,1709
Births Registered,2018Q3,Fingal,Number,1171
Births Registered,2018Q3,Dun Laoghaire Rathdown,Number,662
Births Registered,2018Q3,South Dublin,Number,1009
Births Registered,2018Q3,Leinster,Number,8824
Births Registered,2018Q3,Wicklow,Number,450
Births Registered,2018Q3,Carlow,Number,233
Births Registered,2018Q3,Kildare,Number,773
Births Registered,2018Q3,Kilkenny,Number,271
Births Registered,2018Q3,Laois,Number,271
Births Registered,2018Q3,Longford,Number,131
Births Registered,2018Q3,Louth,Number,448
Births Registered,2018Q3,Meath,Number,718
Births Registered,2018Q3,Offaly,Number,226
Births Registered,2018Q3,Westmeath,Number,309
Births Registered,2018Q3,Wexford,Number,443
Births Registered,2018Q3,Munster,Number,3969
Births Registered,2018Q3,Waterford County,Number,207
Births Registered,2018Q3,Waterford City,Number,171
Births Registered,2018Q3,Clare,Number,339
Births Registered,2018Q3,Cork City,Number,338
Births Registered,2018Q3,Cork County,Number,1406
Births Registered,2018Q3,Kerry,Number,400
Births Registered,2018Q3,Limerick City,Number,192
Births Registered,2018Q3,Limerick County,Number,413
Births Registered,2018Q3,North Tipperary,Number,
Births Registered,2018Q3,South Tipperary,Number,
Births Registered,2018Q3,Tipperary,Number,503
Births Registered,2018Q3,Connacht,Number,1645
Births Registered,2018Q3,Galway City,Number,234
Births Registered,2018Q3,Leitrim,Number,103
Births Registered,2018Q3,Mayo,Number,325
Births Registered,2018Q3,Roscommon,Number,179
Births Registered,2018Q3,Sligo,Number,208
Births Registered,2018Q3,Galway County,Number,596
Births Registered,2018Q3,Ulster (pt),Number,980
Births Registered,2018Q3,Cavan,Number,281
Births Registered,2018Q3,Donegal,Number,474
Births Registered,2018Q3,Monaghan,Number,225
Births Registered,2018Q3,Outside the State,Number,10
Births Registered,2018Q4,State,Number,
Births Registered,2018Q4,Dublin City,Number,1638
Births Registered,2018Q4,Fingal,Number,1081
Births Registered,2018Q4,Dun Laoghaire Rathdown,Number,614
Births Registered,2018Q4,South Dublin,Number,894
Births Registered,2018Q4,Leinster,Number,8120
Births Registered,2018Q4,Wicklow,Number,388
Births Registered,2018Q4,Carlow,Number,189
Births Registered,2018Q4,Kildare,Number,719
Births Registered,2018Q4,Kilkenny,Number,283
Births Registered,2018Q4,Laois,Number,241
Births Registered,2018Q4,Longford,Number,146
Births Registered,2018Q4,Louth,Number,377
Births Registered,2018Q4,Meath,Number,613
Births Registered,2018Q4,Offaly,Number,215
Births Registered,2018Q4,Westmeath,Number,286
Births Registered,2018Q4,Wexford,Number,436
Births Registered,2018Q4,Munster,Number,3861
Births Registered,2018Q4,Waterford County,Number,158
Births Registered,2018Q4,Waterford City,Number,158
Births Registered,2018Q4,Clare,Number,348
Births Registered,2018Q4,Cork City,Number,331
Births Registered,2018Q4,Cork County,Number,1340
Births Registered,2018Q4,Kerry,Number,410
Births Registered,2018Q4,Limerick City,Number,191
Births Registered,2018Q4,Limerick County,Number,399
Births Registered,2018Q4,North Tipperary,Number,
Births Registered,2018Q4,South Tipperary,Number,
Births Registered,2018Q4,Tipperary,Number,526
Births Registered,2018Q4,Connacht,Number,1611
Births Registered,2018Q4,Galway City,Number,211
Births Registered,2018Q4,Leitrim,Number,95
Births Registered,2018Q4,Mayo,Number,375
Births Registered,2018Q4,Roscommon,Number,180
Births Registered,2018Q4,Sligo,Number,192
Births Registered,2018Q4,Galway County,Number,558
Births Registered,2018Q4,Ulster (pt),Number,909
Births Registered,2018Q4,Cavan,Number,242
Births Registered,2018Q4,Donegal,Number,483
Births Registered,2018Q4,Monaghan,Number,184
Births Registered,2018Q4,Outside the State,Number,9
Births Registered,2019Q1,State,Number,15893
Births Registered,2019Q1,Dublin City,Number,1788
Births Registered,2019Q1,Fingal,Number,1143
Births Registered,2019Q1,Dun Laoghaire Rathdown,Number,695
Births Registered,2019Q1,South Dublin,Number,1033
Births Registered,2019Q1,Leinster,Number,9127
Births Registered,2019Q1,Wicklow,Number,451
Births Registered,2019Q1,Carlow,Number,207
Births Registered,2019Q1,Kildare,Number,795
Births Registered,2019Q1,Kilkenny,Number,298
Births Registered,2019Q1,Laois,Number,288
Births Registered,2019Q1,Longford,Number,154
Births Registered,2019Q1,Louth,Number,447
Births Registered,2019Q1,Meath,Number,773
Births Registered,2019Q1,Offaly,Number,248
Births Registered,2019Q1,Westmeath,Number,311
Births Registered,2019Q1,Wexford,Number,496
Births Registered,2019Q1,Munster,Number,3978
Births Registered,2019Q1,Waterford County,Number,209
Births Registered,2019Q1,Waterford City,Number,162
Births Registered,2019Q1,Clare,Number,335
Births Registered,2019Q1,Cork City,Number,353
Births Registered,2019Q1,Cork County,Number,1333
Births Registered,2019Q1,Kerry,Number,438
Births Registered,2019Q1,Limerick City,Number,178
Births Registered,2019Q1,Limerick County,Number,414
Births Registered,2019Q1,North Tipperary,Number,
Births Registered,2019Q1,South Tipperary,Number,
Births Registered,2019Q1,Tipperary,Number,556
Births Registered,2019Q1,Connacht,Number,1796
Births Registered,2019Q1,Galway City,Number,198
Births Registered,2019Q1,Leitrim,Number,127
Births Registered,2019Q1,Mayo,Number,392
Births Registered,2019Q1,Roscommon,Number,209
Births Registered,2019Q1,Sligo,Number,234
Births Registered,2019Q1,Galway County,Number,636
Births Registered,2019Q1,Ulster (pt),Number,980
Births Registered,2019Q1,Cavan,Number,288
Births Registered,2019Q1,Donegal,Number,470
Births Registered,2019Q1,Monaghan,Number,222
Births Registered,2019Q1,Outside the State,Number,12
Births Registered,2019Q2,State,Number,14389
Births Registered,2019Q2,Dublin City,Number,1680
Births Registered,2019Q2,Fingal,Number,1066
Births Registered,2019Q2,Dun Laoghaire Rathdown,Number,657
Births Registered,2019Q2,South Dublin,Number,950
Births Registered,2019Q2,Leinster,Number,8328
Births Registered,2019Q2,Wicklow,Number,411
Births Registered,2019Q2,Carlow,Number,183
Births Registered,2019Q2,Kildare,Number,729
Births Registered,2019Q2,Kilkenny,Number,251
Births Registered,2019Q2,Laois,Number,274
Births Registered,2019Q2,Longford,Number,154
Births Registered,2019Q2,Louth,Number,414
Births Registered,2019Q2,Meath,Number,653
Births Registered,2019Q2,Offaly,Number,223
Births Registered,2019Q2,Westmeath,Number,254
Births Registered,2019Q2,Wexford,Number,429
Births Registered,2019Q2,Munster,Number,3606
Births Registered,2019Q2,Waterford County,Number,156
Births Registered,2019Q2,Waterford City,Number,158
Births Registered,2019Q2,Clare,Number,332
Births Registered,2019Q2,Cork City,Number,341
Births Registered,2019Q2,Cork County,Number,1297
Births Registered,2019Q2,Kerry,Number,360
Births Registered,2019Q2,Limerick City,Number,193
Births Registered,2019Q2,Limerick County,Number,359
Births Registered,2019Q2,North Tipperary,Number,
Births Registered,2019Q2,South Tipperary,Number,
Births Registered,2019Q2,Tipperary,Number,410
Births Registered,2019Q2,Connacht,Number,1591
Births Registered,2019Q2,Galway City,Number,192
Births Registered,2019Q2,Leitrim,Number,107
Births Registered,2019Q2,Mayo,Number,367
Births Registered,2019Q2,Roscommon,Number,183
Births Registered,2019Q2,Sligo,Number,174
Births Registered,2019Q2,Galway County,Number,568
Births Registered,2019Q2,Ulster (pt),Number,853
Births Registered,2019Q2,Cavan,Number,224
Births Registered,2019Q2,Donegal,Number,439
Births Registered,2019Q2,Monaghan,Number,190
Births Registered,2019Q2,Outside the State,Number,11
Births Registered,2019Q3,State,Number,15379
Births Registered,2019Q3,Dublin City,Number,1776
Births Registered,2019Q3,Fingal,Number,1086
Births Registered,2019Q3,Dun Laoghaire Rathdown,Number,603
Births Registered,2019Q3,South Dublin,Number,1004
Births Registered,2019Q3,Leinster,Number,8826
Births Registered,2019Q3,Wicklow,Number,481
Births Registered,2019Q3,Carlow,Number,198
Births Registered,2019Q3,Kildare,Number,784
Births Registered,2019Q3,Kilkenny,Number,277
Births Registered,2019Q3,Laois,Number,263
Births Registered,2019Q3,Longford,Number,145
Births Registered,2019Q3,Louth,Number,453
Births Registered,2019Q3,Meath,Number,717
Births Registered,2019Q3,Offaly,Number,240
Births Registered,2019Q3,Westmeath,Number,337
Births Registered,2019Q3,Wexford,Number,462
Births Registered,2019Q3,Munster,Number,3931
Births Registered,2019Q3,Waterford County,Number,189
Births Registered,2019Q3,Waterford City,Number,174
Births Registered,2019Q3,Clare,Number,336
Births Registered,2019Q3,Cork City,Number,359
Births Registered,2019Q3,Cork County,Number,1367
Births Registered,2019Q3,Kerry,Number,405
Births Registered,2019Q3,Limerick City,Number,218
Births Registered,2019Q3,Limerick County,Number,426
Births Registered,2019Q3,North Tipperary,Number,
Births Registered,2019Q3,South Tipperary,Number,
Births Registered,2019Q3,Tipperary,Number,457
Births Registered,2019Q3,Connacht,Number,1662
Births Registered,2019Q3,Galway City,Number,244
Births Registered,2019Q3,Leitrim,Number,102
Births Registered,2019Q3,Mayo,Number,315
Births Registered,2019Q3,Roscommon,Number,224
Births Registered,2019Q3,Sligo,Number,183
Births Registered,2019Q3,Galway County,Number,594
Births Registered,2019Q3,Ulster (pt),Number,949
Births Registered,2019Q3,Cavan,Number,239
Births Registered,2019Q3,Donegal,Number,502
Births Registered,2019Q3,Monaghan,Number,208
Births Registered,2019Q3,Outside the State,Number,11
Births Registered,2019Q4,State,Number,14135
Births Registered,2019Q4,Dublin City,Number,1617
Births Registered,2019Q4,Fingal,Number,1011
Births Registered,2019Q4,Dun Laoghaire Rathdown,Number,611
Births Registered,2019Q4,South Dublin,Number,962
Births Registered,2019Q4,Leinster,Number,8172
Births Registered,2019Q4,Wicklow,Number,426
Births Registered,2019Q4,Carlow,Number,167
Births Registered,2019Q4,Kildare,Number,759
Births Registered,2019Q4,Kilkenny,Number,268
Births Registered,2019Q4,Laois,Number,281
Births Registered,2019Q4,Longford,Number,133
Births Registered,2019Q4,Louth,Number,386
Births Registered,2019Q4,Meath,Number,628
Births Registered,2019Q4,Offaly,Number,213
Births Registered,2019Q4,Westmeath,Number,262
Births Registered,2019Q4,Wexford,Number,448
Births Registered,2019Q4,Munster,Number,3529
Births Registered,2019Q4,Waterford County,Number,167
Births Registered,2019Q4,Waterford City,Number,138
Births Registered,2019Q4,Clare,Number,316
Births Registered,2019Q4,Cork City,Number,268
Births Registered,2019Q4,Cork County,Number,1252
Births Registered,2019Q4,Kerry,Number,369
Births Registered,2019Q4,Limerick City,Number,176
Births Registered,2019Q4,Limerick County,Number,402
Births Registered,2019Q4,North Tipperary,Number,
Births Registered,2019Q4,South Tipperary,Number,
Births Registered,2019Q4,Tipperary,Number,441
Births Registered,2019Q4,Connacht,Number,1640
Births Registered,2019Q4,Galway City,Number,216
Births Registered,2019Q4,Leitrim,Number,102
Births Registered,2019Q4,Mayo,Number,407
Births Registered,2019Q4,Roscommon,Number,188
Births Registered,2019Q4,Sligo,Number,177
Births Registered,2019Q4,Galway County,Number,550
Births Registered,2019Q4,Ulster (pt),Number,782
Births Registered,2019Q4,Cavan,Number,211
Births Registered,2019Q4,Donegal,Number,406
Births Registered,2019Q4,Monaghan,Number,165
Births Registered,2019Q4,Outside the State,Number,12
Births Registered,2020Q1,State,Number,14371
Births Registered,2020Q1,Dublin City,Number,1585
Births Registered,2020Q1,Fingal,Number,1047
Births Registered,2020Q1,Dun Laoghaire Rathdown,Number,602
Births Registered,2020Q1,South Dublin,Number,887
Births Registered,2020Q1,Leinster,Number,8145
Births Registered,2020Q1,Wicklow,Number,405
Births Registered,2020Q1,Carlow,Number,194
Births Registered,2020Q1,Kildare,Number,735
Births Registered,2020Q1,Kilkenny,Number,273
Births Registered,2020Q1,Laois,Number,252
Births Registered,2020Q1,Longford,Number,126
Births Registered,2020Q1,Louth,Number,414
Births Registered,2020Q1,Meath,Number,684
Births Registered,2020Q1,Offaly,Number,211
Births Registered,2020Q1,Westmeath,Number,260
Births Registered,2020Q1,Wexford,Number,470
Births Registered,2020Q1,Munster,Number,3755
Births Registered,2020Q1,Waterford County,Number,185
Births Registered,2020Q1,Waterford City,Number,158
Births Registered,2020Q1,Clare,Number,356
Births Registered,2020Q1,Cork City,Number,290
Births Registered,2020Q1,Cork County,Number,1270
Births Registered,2020Q1,Kerry,Number,381
Births Registered,2020Q1,Limerick City,Number,232
Births Registered,2020Q1,Limerick County,Number,424
Births Registered,2020Q1,North Tipperary,Number,
Births Registered,2020Q1,South Tipperary,Number,
Births Registered,2020Q1,Tipperary,Number,459
Births Registered,2020Q1,Connacht,Number,1553
Births Registered,2020Q1,Galway City,Number,203
Births Registered,2020Q1,Leitrim,Number,96
Births Registered,2020Q1,Mayo,Number,343
Births Registered,2020Q1,Roscommon,Number,201
Births Registered,2020Q1,Sligo,Number,176
Births Registered,2020Q1,Galway County,Number,534
Births Registered,2020Q1,Ulster (pt),Number,907
Births Registered,2020Q1,Cavan,Number,277
Births Registered,2020Q1,Donegal,Number,429
Births Registered,2020Q1,Monaghan,Number,201
Births Registered,2020Q1,Outside the State,Number,11
Births Registered,2020Q2,State,Number,13527
Births Registered,2020Q2,Dublin City,Number,1501
Births Registered,2020Q2,Fingal,Number,972
Births Registered,2020Q2,Dun Laoghaire Rathdown,Number,582
Births Registered,2020Q2,South Dublin,Number,826
Births Registered,2020Q2,Leinster,Number,7664
Births Registered,2020Q2,Wicklow,Number,382
Births Registered,2020Q2,Carlow,Number,175
Births Registered,2020Q2,Kildare,Number,691
Births Registered,2020Q2,Kilkenny,Number,255
Births Registered,2020Q2,Laois,Number,251
Births Registered,2020Q2,Longford,Number,122
Births Registered,2020Q2,Louth,Number,434
Births Registered,2020Q2,Meath,Number,576
Births Registered,2020Q2,Offaly,Number,198
Births Registered,2020Q2,Westmeath,Number,288
Births Registered,2020Q2,Wexford,Number,411
Births Registered,2020Q2,Munster,Number,3422
Births Registered,2020Q2,Waterford County,Number,184
Births Registered,2020Q2,Waterford City,Number,138
Births Registered,2020Q2,Clare,Number,307
Births Registered,2020Q2,Cork City,Number,264
Births Registered,2020Q2,Cork County,Number,1172
Births Registered,2020Q2,Kerry,Number,355
Births Registered,2020Q2,Limerick City,Number,145
Births Registered,2020Q2,Limerick County,Number,431
Births Registered,2020Q2,North Tipperary,Number,
Births Registered,2020Q2,South Tipperary,Number,
Births Registered,2020Q2,Tipperary,Number,426
Births Registered,2020Q2,Connacht,Number,1570
Births Registered,2020Q2,Galway City,Number,181
Births Registered,2020Q2,Leitrim,Number,113
Births Registered,2020Q2,Mayo,Number,389
Births Registered,2020Q2,Roscommon,Number,168
Births Registered,2020Q2,Sligo,Number,193
Births Registered,2020Q2,Galway County,Number,526
Births Registered,2020Q2,Ulster (pt),Number,866
Births Registered,2020Q2,Cavan,Number,281
Births Registered,2020Q2,Donegal,Number,389
Births Registered,2020Q2,Monaghan,Number,196
Births Registered,2020Q2,Outside the State,Number,5
Births Registered,2020Q3,State,Number,14477
Births Registered,2020Q3,Dublin City,Number,1631
Births Registered,2020Q3,Fingal,Number,986
Births Registered,2020Q3,Dun Laoghaire Rathdown,Number,589
Births Registered,2020Q3,South Dublin,Number,902
Births Registered,2020Q3,Leinster,Number,8115
Births Registered,2020Q3,Wicklow,Number,393
Births Registered,2020Q3,Carlow,Number,188
Births Registered,2020Q3,Kildare,Number,732
Births Registered,2020Q3,Kilkenny,Number,270
Births Registered,2020Q3,Laois,Number,239
Births Registered,2020Q3,Longford,Number,159
Births Registered,2020Q3,Louth,Number,386
Births Registered,2020Q3,Meath,Number,631
Births Registered,2020Q3,Offaly,Number,216
Births Registered,2020Q3,Westmeath,Number,313
Births Registered,2020Q3,Wexford,Number,480
Births Registered,2020Q3,Munster,Number,3893
Births Registered,2020Q3,Waterford County,Number,190
Births Registered,2020Q3,Waterford City,Number,168
Births Registered,2020Q3,Clare,Number,334
Births Registered,2020Q3,Cork City,Number,363
Births Registered,2020Q3,Cork County,Number,1375
Births Registered,2020Q3,Kerry,Number,420
Births Registered,2020Q3,Limerick City,Number,168
Births Registered,2020Q3,Limerick County,Number,404
Births Registered,2020Q3,North Tipperary,Number,
Births Registered,2020Q3,South Tipperary,Number,
Births Registered,2020Q3,Tipperary,Number,471
Births Registered,2020Q3,Connacht,Number,1530
Births Registered,2020Q3,Galway City,Number,210
Births Registered,2020Q3,Leitrim,Number,91
Births Registered,2020Q3,Mayo,Number,320
Births Registered,2020Q3,Roscommon,Number,204
Births Registered,2020Q3,Sligo,Number,189
Births Registered,2020Q3,Galway County,Number,516
Births Registered,2020Q3,Ulster (pt),Number,927
Births Registered,2020Q3,Cavan,Number,242
Births Registered,2020Q3,Donegal,Number,485
Births Registered,2020Q3,Monaghan,Number,200
Births Registered,2020Q3,Outside the State,Number,12
